PROVNUM,PROVNAME,CITY,STATE,COUNTY_NAME,COUNTY_FIPS,CY_Qtr,WorkDate,MDScensus,Hrs_RNDON,Hrs_RNDON_emp,Hrs_RNDON_ctr,Hrs_RNadmin,Hrs_RNadmin_emp,Hrs_RNadmin_ctr,Hrs_RN,Hrs_RN_emp,Hrs_RN_ctr,Hrs_LPNadmin,Hrs_LPNadmin_emp,Hrs_LPNadmin_ctr,Hrs_LPN,Hrs_LPN_emp,Hrs_LPN_ctr,Hrs_CNA,Hrs_CNA_emp,Hrs_CNA_ctr,Hrs_NAtrn,Hrs_NAtrn_emp,Hrs_NAtrn_ctr,Hrs_MedAide,Hrs_MedAide_emp,Hrs_MedAide_ctr
155746,PARKVIEW HAVEN,FRANCESVILLE,IN,Pulaski,131,2020Q1,20200101,40,0.00,0.00,0.00,0.00,0.00,0.00,25.36,25.36,0.00,0.00,0.00,0.00,8.60,8.60,0.00,118.96,118.96,0.00,0.00,0.00,0.00,6.80,6.80,0.00
155746,PARKVIEW HAVEN,FRANCESVILLE,IN,Pulaski,131,2020Q1,20200102,39,8.00,8.00,0.00,0.00,0.00,0.00,25.09,25.09,0.00,8.08,8.08,0.00,9.18,9.18,0.00,107.89,107.89,0.00,0.00,0.00,0.00,6.75,6.75,0.00
155746,PARKVIEW HAVEN,FRANCESVILLE,IN,Pulaski,131,2020Q1,20200103,40,8.00,8.00,0.00,0.00,0.00,0.00,20.42,20.42,0.00,16.11,16.11,0.00,23.27,23.27,0.00,94.30,94.30,0.00,0.00,0.00,0.00,14.54,14.54,0.00
155746,PARKVIEW HAVEN,FRANCESVILLE,IN,Pulaski,131,2020Q1,20200104,40,0.00,0.00,0.00,0.00,0.00,0.00,20.36,20.36,0.00,0.00,0.00,0.00,20.05,20.05,0.00,85.40,85.40,0.00,0.00,0.00,0.00,10.85,10.85,0.00
155746,PARKVIEW HAVEN,FRANCESVILLE,IN,Pulaski,131,2020Q1,20200105,40,0.00,0.00,0.00,0.00,0.00,0.00,22.67,22.67,0.00,0.00,0.00,0.00,8.81,8.81,0.00,96.38,96.38,0.00,0.00,0.00,0.00,7.91,7.91,0.00
155746,PARKVIEW HAVEN,FRANCESVILLE,IN,Pulaski,131,2020Q1,20200106,40,8.00,8.00,0.00,0.00,0.00,0.00,24.05,24.05,0.00,11.01,11.01,0.00,20.64,20.64,0.00,109.67,109.67,0.00,0.00,0.00,0.00,5.80,5.80,0.00
155746,PARKVIEW HAVEN,FRANCESVILLE,IN,Pulaski,131,2020Q1,20200107,40,8.00,8.00,0.00,0.00,0.00,0.00,10.30,10.30,0.00,16.24,16.24,0.00,24.20,24.20,0.00,105.72,105.72,0.00,0.00,0.00,0.00,8.38,8.38,0.00
155746,PARKVIEW HAVEN,FRANCESVILLE,IN,Pulaski,131,2020Q1,20200108,40,8.00,8.00,0.00,0.00,0.00,0.00,27.98,27.98,0.00,8.12,8.12,0.00,8.83,8.83,0.00,97.49,97.49,0.00,0.00,0.00,0.00,13.69,13.69,0.00
155746,PARKVIEW HAVEN,FRANCESVILLE,IN,Pulaski,131,2020Q1,20200109,40,8.00,8.00,0.00,0.00,0.00,0.00,28.50,28.50,0.00,13.44,13.44,0.00,14.90,14.90,0.00,105.15,105.15,0.00,0.00,0.00,0.00,8.57,8.57,0.00
155746,PARKVIEW HAVEN,FRANCESVILLE,IN,Pulaski,131,2020Q1,20200110,40,8.00,8.00,0.00,0.00,0.00,0.00,24.25,24.25,0.00,11.70,11.70,0.00,30.78,30.78,0.00,83.04,83.04,0.00,0.00,0.00,0.00,7.15,7.15,0.00
155746,PARKVIEW HAVEN,FRANCESVILLE,IN,Pulaski,131,2020Q1,20200111,39,0.00,0.00,0.00,0.00,0.00,0.00,5.78,5.78,0.00,0.00,0.00,0.00,18.99,18.99,0.00,80.04,80.04,0.00,0.00,0.00,0.00,7.04,7.04,0.00
155746,PARKVIEW HAVEN,FRANCESVILLE,IN,Pulaski,131,2020Q1,20200112,39,0.00,0.00,0.00,0.00,0.00,0.00,8.38,8.38,0.00,0.00,0.00,0.00,20.58,20.58,0.00,87.28,87.28,0.00,0.00,0.00,0.00,6.35,6.35,0.00
155746,PARKVIEW HAVEN,FRANCESVILLE,IN,Pulaski,131,2020Q1,20200113,40,8.00,8.00,0.00,0.00,0.00,0.00,10.53,10.53,0.00,15.42,15.42,0.00,38.08,38.08,0.00,90.11,90.11,0.00,0.00,0.00,0.00,7.24,7.24,0.00
155746,PARKVIEW HAVEN,FRANCESVILLE,IN,Pulaski,131,2020Q1,20200114,40,8.00,8.00,0.00,0.00,0.00,0.00,8.50,8.50,0.00,15.74,15.74,0.00,28.97,28.97,0.00,88.81,88.81,0.00,0.00,0.00,0.00,11.56,11.56,0.00
155746,PARKVIEW HAVEN,FRANCESVILLE,IN,Pulaski,131,2020Q1,20200115,40,8.00,8.00,0.00,0.00,0.00,0.00,14.22,14.22,0.00,8.27,8.27,0.00,21.23,21.23,0.00,103.71,103.71,0.00,0.00,0.00,0.00,6.01,6.01,0.00
155746,PARKVIEW HAVEN,FRANCESVILLE,IN,Pulaski,131,2020Q1,20200116,40,8.00,8.00,0.00,0.00,0.00,0.00,24.77,24.77,0.00,15.89,15.89,0.00,22.22,22.22,0.00,94.47,94.47,0.00,0.00,0.00,0.00,6.01,6.01,0.00
155746,PARKVIEW HAVEN,FRANCESVILLE,IN,Pulaski,131,2020Q1,20200117,40,8.00,8.00,0.00,0.00,0.00,0.00,11.73,11.73,0.00,11.50,11.50,0.00,24.08,24.08,0.00,98.34,98.34,0.00,0.00,0.00,0.00,6.48,6.48,0.00
155746,PARKVIEW HAVEN,FRANCESVILLE,IN,Pulaski,131,2020Q1,20200118,40,0.00,0.00,0.00,0.00,0.00,0.00,24.22,24.22,0.00,0.00,0.00,0.00,15.29,15.29,0.00,89.13,89.13,0.00,0.00,0.00,0.00,6.78,6.78,0.00
155746,PARKVIEW HAVEN,FRANCESVILLE,IN,Pulaski,131,2020Q1,20200119,40,0.00,0.00,0.00,0.00,0.00,0.00,16.58,16.58,0.00,0.00,0.00,0.00,19.51,19.51,0.00,103.26,103.26,0.00,0.00,0.00,0.00,9.92,9.92,0.00
155746,PARKVIEW HAVEN,FRANCESVILLE,IN,Pulaski,131,2020Q1,20200120,40,8.00,8.00,0.00,0.00,0.00,0.00,23.81,23.81,0.00,8.07,8.07,0.00,22.69,22.69,0.00,101.87,101.87,0.00,0.00,0.00,0.00,8.19,8.19,0.00
155746,PARKVIEW HAVEN,FRANCESVILLE,IN,Pulaski,131,2020Q1,20200121,40,8.00,8.00,0.00,0.00,0.00,0.00,19.35,19.35,0.00,13.04,13.04,0.00,28.22,28.22,0.00,90.93,90.93,0.00,0.00,0.00,0.00,5.60,5.60,0.00
155746,PARKVIEW HAVEN,FRANCESVILLE,IN,Pulaski,131,2020Q1,20200122,40,8.00,8.00,0.00,0.00,0.00,0.00,27.43,27.43,0.00,16.20,16.20,0.00,16.37,16.37,0.00,99.43,99.43,0.00,0.00,0.00,0.00,7.43,7.43,0.00
155746,PARKVIEW HAVEN,FRANCESVILLE,IN,Pulaski,131,2020Q1,20200123,40,8.00,8.00,0.00,0.00,0.00,0.00,20.94,20.94,0.00,9.25,9.25,0.00,24.48,24.48,0.00,91.13,91.13,0.00,0.00,0.00,0.00,7.10,7.10,0.00
155746,PARKVIEW HAVEN,FRANCESVILLE,IN,Pulaski,131,2020Q1,20200124,40,8.00,8.00,0.00,0.00,0.00,0.00,18.06,18.06,0.00,14.07,14.07,0.00,18.83,18.83,0.00,104.73,104.73,0.00,0.00,0.00,0.00,8.27,8.27,0.00
155746,PARKVIEW HAVEN,FRANCESVILLE,IN,Pulaski,131,2020Q1,20200125,41,0.00,0.00,0.00,0.00,0.00,0.00,17.58,17.58,0.00,0.00,0.00,0.00,20.17,20.17,0.00,89.74,89.74,0.00,0.00,0.00,0.00,6.94,6.94,0.00
155746,PARKVIEW HAVEN,FRANCESVILLE,IN,Pulaski,131,2020Q1,20200126,41,0.00,0.00,0.00,0.00,0.00,0.00,18.95,18.95,0.00,0.00,0.00,0.00,17.56,17.56,0.00,92.66,92.66,0.00,0.00,0.00,0.00,6.75,6.75,0.00
155746,PARKVIEW HAVEN,FRANCESVILLE,IN,Pulaski,131,2020Q1,20200127,42,8.00,8.00,0.00,0.00,0.00,0.00,1.98,1.98,0.00,16.90,16.90,0.00,30.58,30.58,0.00,90.91,90.91,0.00,0.00,0.00,0.00,7.23,7.23,0.00
155746,PARKVIEW HAVEN,FRANCESVILLE,IN,Pulaski,131,2020Q1,20200128,42,8.00,8.00,0.00,0.00,0.00,0.00,17.60,17.60,0.00,14.30,14.30,0.00,24.85,24.85,0.00,89.67,89.67,0.00,0.00,0.00,0.00,12.77,12.77,0.00
155746,PARKVIEW HAVEN,FRANCESVILLE,IN,Pulaski,131,2020Q1,20200129,42,8.00,8.00,0.00,0.00,0.00,0.00,33.56,33.56,0.00,7.98,7.98,0.00,7.08,7.08,0.00,99.44,99.44,0.00,0.00,0.00,0.00,5.74,5.74,0.00
155746,PARKVIEW HAVEN,FRANCESVILLE,IN,Pulaski,131,2020Q1,20200130,42,8.00,8.00,0.00,0.00,0.00,0.00,25.46,25.46,0.00,16.56,16.56,0.00,11.24,11.24,0.00,87.16,87.16,0.00,0.00,0.00,0.00,6.07,6.07,0.00
155746,PARKVIEW HAVEN,FRANCESVILLE,IN,Pulaski,131,2020Q1,20200131,42,8.00,8.00,0.00,0.00,0.00,0.00,18.28,18.28,0.00,14.69,14.69,0.00,29.21,29.21,0.00,100.15,100.15,0.00,0.00,0.00,0.00,6.98,6.98,0.00
155746,PARKVIEW HAVEN,FRANCESVILLE,IN,Pulaski,131,2020Q1,20200201,42,0.00,0.00,0.00,0.00,0.00,0.00,20.29,20.29,0.00,0.00,0.00,0.00,15.78,15.78,0.00,89.99,89.99,0.00,0.00,0.00,0.00,6.97,6.97,0.00
155746,PARKVIEW HAVEN,FRANCESVILLE,IN,Pulaski,131,2020Q1,20200202,42,0.00,0.00,0.00,0.00,0.00,0.00,20.63,20.63,0.00,0.00,0.00,0.00,9.25,9.25,0.00,82.85,82.85,0.00,0.00,0.00,0.00,11.60,11.60,0.00
155746,PARKVIEW HAVEN,FRANCESVILLE,IN,Pulaski,131,2020Q1,20200203,42,8.00,8.00,0.00,0.00,0.00,0.00,24.25,24.25,0.00,14.58,14.58,0.00,27.06,27.06,0.00,100.12,100.12,0.00,0.00,0.00,0.00,7.29,7.29,0.00
155746,PARKVIEW HAVEN,FRANCESVILLE,IN,Pulaski,131,2020Q1,20200204,42,8.00,8.00,0.00,0.00,0.00,0.00,17.44,17.44,0.00,16.26,16.26,0.00,23.29,23.29,0.00,89.23,89.23,0.00,0.00,0.00,0.00,6.13,6.13,0.00
155746,PARKVIEW HAVEN,FRANCESVILLE,IN,Pulaski,131,2020Q1,20200205,42,8.00,8.00,0.00,0.00,0.00,0.00,27.90,27.90,0.00,7.96,7.96,0.00,15.73,15.73,0.00,90.20,90.20,0.00,0.00,0.00,0.00,7.30,7.30,0.00
155746,PARKVIEW HAVEN,FRANCESVILLE,IN,Pulaski,131,2020Q1,20200206,42,8.00,8.00,0.00,0.00,0.00,0.00,22.89,22.89,0.00,15.42,15.42,0.00,13.87,13.87,0.00,103.87,103.87,0.00,0.00,0.00,0.00,7.12,7.12,0.00
155746,PARKVIEW HAVEN,FRANCESVILLE,IN,Pulaski,131,2020Q1,20200207,42,8.00,8.00,0.00,0.00,0.00,0.00,7.37,7.37,0.00,0.00,0.00,0.00,27.21,27.21,0.00,87.29,87.29,0.00,0.00,0.00,0.00,7.37,7.37,0.00
155746,PARKVIEW HAVEN,FRANCESVILLE,IN,Pulaski,131,2020Q1,20200208,42,0.00,0.00,0.00,0.00,0.00,0.00,18.03,18.03,0.00,0.00,0.00,0.00,17.37,17.37,0.00,75.98,75.98,0.00,0.00,0.00,0.00,7.30,7.30,0.00
155746,PARKVIEW HAVEN,FRANCESVILLE,IN,Pulaski,131,2020Q1,20200209,42,0.00,0.00,0.00,0.00,0.00,0.00,17.08,17.08,0.00,1.00,1.00,0.00,17.46,17.46,0.00,77.75,77.75,0.00,0.00,0.00,0.00,7.00,7.00,0.00
155746,PARKVIEW HAVEN,FRANCESVILLE,IN,Pulaski,131,2020Q1,20200210,42,8.00,8.00,0.00,0.00,0.00,0.00,8.55,8.55,0.00,15.75,15.75,0.00,37.80,37.80,0.00,91.26,91.26,0.00,0.00,0.00,0.00,7.26,7.26,0.00
155746,PARKVIEW HAVEN,FRANCESVILLE,IN,Pulaski,131,2020Q1,20200211,42,8.00,8.00,0.00,0.00,0.00,0.00,10.15,10.15,0.00,7.43,7.43,0.00,24.07,24.07,0.00,92.85,92.85,0.00,0.00,0.00,0.00,7.85,7.85,0.00
155746,PARKVIEW HAVEN,FRANCESVILLE,IN,Pulaski,131,2020Q1,20200212,42,8.00,8.00,0.00,0.00,0.00,0.00,26.83,26.83,0.00,7.93,7.93,0.00,13.83,13.83,0.00,92.23,92.23,0.00,0.00,0.00,0.00,9.63,9.63,0.00
155746,PARKVIEW HAVEN,FRANCESVILLE,IN,Pulaski,131,2020Q1,20200213,42,8.00,8.00,0.00,0.00,0.00,0.00,15.79,15.79,0.00,16.27,16.27,0.00,22.50,22.50,0.00,87.26,87.26,0.00,0.00,0.00,0.00,8.33,8.33,0.00
155746,PARKVIEW HAVEN,FRANCESVILLE,IN,Pulaski,131,2020Q1,20200214,41,8.00,8.00,0.00,0.00,0.00,0.00,19.27,19.27,0.00,13.35,13.35,0.00,29.37,29.37,0.00,91.61,91.61,0.00,0.00,0.00,0.00,6.70,6.70,0.00
155746,PARKVIEW HAVEN,FRANCESVILLE,IN,Pulaski,131,2020Q1,20200215,41,0.00,0.00,0.00,0.00,0.00,0.00,22.61,22.61,0.00,0.00,0.00,0.00,12.05,12.05,0.00,88.60,88.60,0.00,0.00,0.00,0.00,11.81,11.81,0.00
155746,PARKVIEW HAVEN,FRANCESVILLE,IN,Pulaski,131,2020Q1,20200216,41,0.00,0.00,0.00,0.00,0.00,0.00,21.32,21.32,0.00,0.00,0.00,0.00,20.31,20.31,0.00,91.39,91.39,0.00,0.00,0.00,0.00,9.49,9.49,0.00
155746,PARKVIEW HAVEN,FRANCESVILLE,IN,Pulaski,131,2020Q1,20200217,40,8.00,8.00,0.00,0.00,0.00,0.00,24.40,24.40,0.00,6.75,6.75,0.00,32.88,32.88,0.00,83.88,83.88,0.00,0.00,0.00,0.00,11.28,11.28,0.00
155746,PARKVIEW HAVEN,FRANCESVILLE,IN,Pulaski,131,2020Q1,20200218,40,8.00,8.00,0.00,0.00,0.00,0.00,19.94,19.94,0.00,11.42,11.42,0.00,15.76,15.76,0.00,94.14,94.14,0.00,0.00,0.00,0.00,6.54,6.54,0.00
155746,PARKVIEW HAVEN,FRANCESVILLE,IN,Pulaski,131,2020Q1,20200219,41,8.00,8.00,0.00,0.00,0.00,0.00,25.09,25.09,0.00,9.13,9.13,0.00,13.70,13.70,0.00,94.27,94.27,0.00,0.00,0.00,0.00,7.24,7.24,0.00
155746,PARKVIEW HAVEN,FRANCESVILLE,IN,Pulaski,131,2020Q1,20200220,41,8.00,8.00,0.00,0.00,0.00,0.00,27.58,27.58,0.00,15.07,15.07,0.00,11.40,11.40,0.00,102.24,102.24,0.00,0.00,0.00,0.00,7.27,7.27,0.00
155746,PARKVIEW HAVEN,FRANCESVILLE,IN,Pulaski,131,2020Q1,20200221,41,8.00,8.00,0.00,0.00,0.00,0.00,14.47,14.47,0.00,9.30,9.30,0.00,25.72,25.72,0.00,87.79,87.79,0.00,0.00,0.00,0.00,7.23,7.23,0.00
155746,PARKVIEW HAVEN,FRANCESVILLE,IN,Pulaski,131,2020Q1,20200222,41,0.00,0.00,0.00,0.00,0.00,0.00,17.11,17.11,0.00,0.00,0.00,0.00,21.13,21.13,0.00,85.75,85.75,0.00,0.00,0.00,0.00,6.90,6.90,0.00
155746,PARKVIEW HAVEN,FRANCESVILLE,IN,Pulaski,131,2020Q1,20200223,41,0.00,0.00,0.00,0.00,0.00,0.00,16.83,16.83,0.00,0.00,0.00,0.00,16.41,16.41,0.00,74.42,74.42,0.00,0.00,0.00,0.00,6.96,6.96,0.00
155746,PARKVIEW HAVEN,FRANCESVILLE,IN,Pulaski,131,2020Q1,20200224,41,8.00,8.00,0.00,0.00,0.00,0.00,11.07,11.07,0.00,15.40,15.40,0.00,23.25,23.25,0.00,70.02,70.02,0.00,0.00,0.00,0.00,7.05,7.05,0.00
155746,PARKVIEW HAVEN,FRANCESVILLE,IN,Pulaski,131,2020Q1,20200225,40,8.00,8.00,0.00,0.00,0.00,0.00,17.29,17.29,0.00,8.60,8.60,0.00,23.14,23.14,0.00,88.76,88.76,0.00,0.00,0.00,0.00,12.44,12.44,0.00
155746,PARKVIEW HAVEN,FRANCESVILLE,IN,Pulaski,131,2020Q1,20200226,40,8.00,8.00,0.00,0.00,0.00,0.00,26.75,26.75,0.00,8.11,8.11,0.00,13.56,13.56,0.00,98.46,98.46,0.00,0.00,0.00,0.00,6.19,6.19,0.00
155746,PARKVIEW HAVEN,FRANCESVILLE,IN,Pulaski,131,2020Q1,20200227,40,8.00,8.00,0.00,0.00,0.00,0.00,24.87,24.87,0.00,13.35,13.35,0.00,16.15,16.15,0.00,86.34,86.34,0.00,0.00,0.00,0.00,7.85,7.85,0.00
155746,PARKVIEW HAVEN,FRANCESVILLE,IN,Pulaski,131,2020Q1,20200228,37,8.00,8.00,0.00,0.00,0.00,0.00,18.53,18.53,0.00,15.75,15.75,0.00,27.49,27.49,0.00,93.91,93.91,0.00,0.00,0.00,0.00,7.00,7.00,0.00
155746,PARKVIEW HAVEN,FRANCESVILLE,IN,Pulaski,131,2020Q1,20200229,38,0.00,0.00,0.00,0.00,0.00,0.00,15.58,15.58,0.00,0.00,0.00,0.00,15.85,15.85,0.00,80.86,80.86,0.00,0.00,0.00,0.00,7.18,7.18,0.00
155746,PARKVIEW HAVEN,FRANCESVILLE,IN,Pulaski,131,2020Q1,20200301,39,0.00,0.00,0.00,0.00,0.00,0.00,23.82,23.82,0.00,0.00,0.00,0.00,12.44,12.44,0.00,92.16,92.16,0.00,0.00,0.00,0.00,7.08,7.08,0.00
155746,PARKVIEW HAVEN,FRANCESVILLE,IN,Pulaski,131,2020Q1,20200302,40,8.00,8.00,0.00,0.00,0.00,0.00,24.46,24.46,0.00,15.09,15.09,0.00,22.29,22.29,0.00,84.60,84.60,0.00,0.00,0.00,0.00,6.04,6.04,0.00
155746,PARKVIEW HAVEN,FRANCESVILLE,IN,Pulaski,131,2020Q1,20200303,41,8.00,8.00,0.00,0.00,0.00,0.00,18.83,18.83,0.00,16.57,16.57,0.00,26.36,26.36,0.00,81.62,81.62,0.00,0.00,0.00,0.00,6.08,6.08,0.00
155746,PARKVIEW HAVEN,FRANCESVILLE,IN,Pulaski,131,2020Q1,20200304,41,8.00,8.00,0.00,0.00,0.00,0.00,28.60,28.60,0.00,7.70,7.70,0.00,15.10,15.10,0.00,95.50,95.50,0.00,0.00,0.00,0.00,7.43,7.43,0.00
155746,PARKVIEW HAVEN,FRANCESVILLE,IN,Pulaski,131,2020Q1,20200305,41,8.00,8.00,0.00,0.00,0.00,0.00,25.30,25.30,0.00,16.42,16.42,0.00,8.78,8.78,0.00,102.93,102.93,0.00,0.00,0.00,0.00,7.39,7.39,0.00
155746,PARKVIEW HAVEN,FRANCESVILLE,IN,Pulaski,131,2020Q1,20200306,41,8.00,8.00,0.00,0.00,0.00,0.00,18.72,18.72,0.00,16.38,16.38,0.00,22.40,22.40,0.00,96.06,96.06,0.00,0.00,0.00,0.00,7.62,7.62,0.00
155746,PARKVIEW HAVEN,FRANCESVILLE,IN,Pulaski,131,2020Q1,20200307,41,0.00,0.00,0.00,0.00,0.00,0.00,16.23,16.23,0.00,1.00,1.00,0.00,18.78,18.78,0.00,76.16,76.16,0.00,0.00,0.00,0.00,7.13,7.13,0.00
155746,PARKVIEW HAVEN,FRANCESVILLE,IN,Pulaski,131,2020Q1,20200308,41,0.00,0.00,0.00,0.00,0.00,0.00,17.01,17.01,0.00,0.00,0.00,0.00,15.49,15.49,0.00,78.30,78.30,0.00,0.00,0.00,0.00,7.40,7.40,0.00
155746,PARKVIEW HAVEN,FRANCESVILLE,IN,Pulaski,131,2020Q1,20200309,41,8.00,8.00,0.00,0.00,0.00,0.00,10.32,10.32,0.00,19.00,19.00,0.00,31.69,31.69,0.00,81.81,81.81,0.00,1.00,1.00,0.00,7.37,7.37,0.00
155746,PARKVIEW HAVEN,FRANCESVILLE,IN,Pulaski,131,2020Q1,20200310,42,8.00,8.00,0.00,0.00,0.00,0.00,17.04,17.04,0.00,15.48,15.48,0.00,23.56,23.56,0.00,85.95,85.95,0.00,0.00,0.00,0.00,7.17,7.17,0.00
155746,PARKVIEW HAVEN,FRANCESVILLE,IN,Pulaski,131,2020Q1,20200311,42,8.00,8.00,0.00,0.00,0.00,0.00,26.37,26.37,0.00,8.05,8.05,0.00,14.65,14.65,0.00,98.72,98.72,0.00,0.00,0.00,0.00,6.34,6.34,0.00
155746,PARKVIEW HAVEN,FRANCESVILLE,IN,Pulaski,131,2020Q1,20200312,42,0.00,0.00,0.00,0.00,0.00,0.00,24.55,24.55,0.00,14.08,14.08,0.00,16.55,16.55,0.00,78.25,78.25,0.00,2.50,2.50,0.00,6.01,6.01,0.00
155746,PARKVIEW HAVEN,FRANCESVILLE,IN,Pulaski,131,2020Q1,20200313,42,8.00,8.00,0.00,0.00,0.00,0.00,25.81,25.81,0.00,15.18,15.18,0.00,28.59,28.59,0.00,69.37,69.37,0.00,0.00,0.00,0.00,11.24,11.24,0.00
155746,PARKVIEW HAVEN,FRANCESVILLE,IN,Pulaski,131,2020Q1,20200314,41,0.00,0.00,0.00,0.00,0.00,0.00,21.67,21.67,0.00,0.00,0.00,0.00,11.84,11.84,0.00,78.65,78.65,0.00,0.00,0.00,0.00,3.62,3.62,0.00
155746,PARKVIEW HAVEN,FRANCESVILLE,IN,Pulaski,131,2020Q1,20200315,41,0.00,0.00,0.00,0.00,0.00,0.00,17.07,17.07,0.00,8.18,8.18,0.00,8.36,8.36,0.00,80.25,80.25,0.00,0.00,0.00,0.00,7.04,7.04,0.00
155746,PARKVIEW HAVEN,FRANCESVILLE,IN,Pulaski,131,2020Q1,20200316,41,8.00,8.00,0.00,0.00,0.00,0.00,25.03,25.03,0.00,17.11,17.11,0.00,27.66,27.66,0.00,93.49,93.49,0.00,0.00,0.00,0.00,7.16,7.16,0.00
155746,PARKVIEW HAVEN,FRANCESVILLE,IN,Pulaski,131,2020Q1,20200317,41,8.00,8.00,0.00,0.00,0.00,0.00,1.92,1.92,0.00,16.37,16.37,0.00,40.27,40.27,0.00,76.21,76.21,0.00,7.93,7.93,0.00,6.94,6.94,0.00
155746,PARKVIEW HAVEN,FRANCESVILLE,IN,Pulaski,131,2020Q1,20200318,41,8.00,8.00,0.00,0.00,0.00,0.00,25.59,25.59,0.00,7.85,7.85,0.00,7.58,7.58,0.00,81.63,81.63,0.00,19.74,19.74,0.00,7.17,7.17,0.00
155746,PARKVIEW HAVEN,FRANCESVILLE,IN,Pulaski,131,2020Q1,20200319,41,8.00,8.00,0.00,0.00,0.00,0.00,19.80,19.80,0.00,15.16,15.16,0.00,6.60,6.60,0.00,95.22,95.22,0.00,19.47,19.47,0.00,7.18,7.18,0.00
155746,PARKVIEW HAVEN,FRANCESVILLE,IN,Pulaski,131,2020Q1,20200320,41,8.00,8.00,0.00,0.00,0.00,0.00,6.90,6.90,0.00,4.40,4.40,0.00,29.39,29.39,0.00,87.64,87.64,0.00,15.88,15.88,0.00,6.24,6.24,0.00
155746,PARKVIEW HAVEN,FRANCESVILLE,IN,Pulaski,131,2020Q1,20200321,41,0.00,0.00,0.00,0.00,0.00,0.00,16.55,16.55,0.00,2.00,2.00,0.00,17.17,17.17,0.00,62.12,62.12,0.00,19.53,19.53,0.00,7.05,7.05,0.00
155746,PARKVIEW HAVEN,FRANCESVILLE,IN,Pulaski,131,2020Q1,20200322,41,0.00,0.00,0.00,0.00,0.00,0.00,16.43,16.43,0.00,0.00,0.00,0.00,16.73,16.73,0.00,63.66,63.66,0.00,28.85,28.85,0.00,6.80,6.80,0.00
155746,PARKVIEW HAVEN,FRANCESVILLE,IN,Pulaski,131,2020Q1,20200323,41,8.00,8.00,0.00,0.00,0.00,0.00,8.27,8.27,0.00,11.77,11.77,0.00,42.36,42.36,0.00,54.10,54.10,0.00,24.48,24.48,0.00,7.26,7.26,0.00
155746,PARKVIEW HAVEN,FRANCESVILLE,IN,Pulaski,131,2020Q1,20200324,41,8.00,8.00,0.00,0.00,0.00,0.00,10.18,10.18,0.00,15.17,15.17,0.00,31.02,31.02,0.00,73.27,73.27,0.00,16.80,16.80,0.00,7.57,7.57,0.00
155746,PARKVIEW HAVEN,FRANCESVILLE,IN,Pulaski,131,2020Q1,20200325,41,8.00,8.00,0.00,0.00,0.00,0.00,16.10,16.10,0.00,0.00,0.00,0.00,28.11,28.11,0.00,73.47,73.47,0.00,16.11,16.11,0.00,7.02,7.02,0.00
155746,PARKVIEW HAVEN,FRANCESVILLE,IN,Pulaski,131,2020Q1,20200326,40,8.00,8.00,0.00,0.00,0.00,0.00,16.90,16.90,0.00,16.58,16.58,0.00,27.48,27.48,0.00,63.32,63.32,0.00,16.72,16.72,0.00,7.03,7.03,0.00
155746,PARKVIEW HAVEN,FRANCESVILLE,IN,Pulaski,131,2020Q1,20200327,40,8.00,8.00,0.00,0.00,0.00,0.00,20.14,20.14,0.00,8.00,8.00,0.00,22.39,22.39,0.00,55.11,55.11,0.00,29.85,29.85,0.00,7.27,7.27,0.00
155746,PARKVIEW HAVEN,FRANCESVILLE,IN,Pulaski,131,2020Q1,20200328,40,0.00,0.00,0.00,0.00,0.00,0.00,24.79,24.79,0.00,0.00,0.00,0.00,17.95,17.95,0.00,83.92,83.92,0.00,8.00,8.00,0.00,13.55,13.55,0.00
155746,PARKVIEW HAVEN,FRANCESVILLE,IN,Pulaski,131,2020Q1,20200329,40,0.00,0.00,0.00,0.00,0.00,0.00,21.90,21.90,0.00,1.53,1.53,0.00,15.07,15.07,0.00,86.78,86.78,0.00,8.22,8.22,0.00,7.24,7.24,0.00
155746,PARKVIEW HAVEN,FRANCESVILLE,IN,Pulaski,131,2020Q1,20200330,40,8.00,8.00,0.00,0.00,0.00,0.00,23.83,23.83,0.00,13.83,13.83,0.00,25.07,25.07,0.00,79.62,79.62,0.00,16.10,16.10,0.00,7.19,7.19,0.00
155746,PARKVIEW HAVEN,FRANCESVILLE,IN,Pulaski,131,2020Q1,20200331,40,8.00,8.00,0.00,0.00,0.00,0.00,18.56,18.56,0.00,16.57,16.57,0.00,20.48,20.48,0.00,70.72,70.72,0.00,16.26,16.26,0.00,7.03,7.03,0.00
285261,PARKVIEW HAVEN NURSING HOME,DESHLER,NE,Thayer,169,2020Q1,20200101,25,0.00,0.00,0.00,0.00,0.00,0.00,19.25,19.25,0.00,0.00,0.00,0.00,24.00,24.00,0.00,29.50,29.50,0.00,0.00,0.00,0.00,19.25,19.25,0.00
285261,PARKVIEW HAVEN NURSING HOME,DESHLER,NE,Thayer,169,2020Q1,20200102,24,10.00,10.00,0.00,9.50,9.50,0.00,26.25,26.25,0.00,0.00,0.00,0.00,24.00,24.00,0.00,32.00,32.00,0.00,0.00,0.00,0.00,22.75,22.75,0.00
285261,PARKVIEW HAVEN NURSING HOME,DESHLER,NE,Thayer,169,2020Q1,20200103,23,10.00,10.00,0.00,9.00,9.00,0.00,0.00,0.00,0.00,0.00,0.00,0.00,15.75,15.75,0.00,38.00,38.00,0.00,0.00,0.00,0.00,40.25,40.25,0.00
285261,PARKVIEW HAVEN NURSING HOME,DESHLER,NE,Thayer,169,2020Q1,20200104,23,0.00,0.00,0.00,0.00,0.00,0.00,9.00,9.00,0.00,0.00,0.00,0.00,24.75,24.75,0.00,30.00,30.00,0.00,0.00,0.00,0.00,16.25,16.25,0.00
285261,PARKVIEW HAVEN NURSING HOME,DESHLER,NE,Thayer,169,2020Q1,20200105,22,0.00,0.00,0.00,0.00,0.00,0.00,8.50,8.50,0.00,0.00,0.00,0.00,25.00,25.00,0.00,31.00,31.00,0.00,0.00,0.00,0.00,14.75,14.75,0.00
285261,PARKVIEW HAVEN NURSING HOME,DESHLER,NE,Thayer,169,2020Q1,20200106,20,10.00,10.00,0.00,9.75,9.75,0.00,8.25,8.25,0.00,0.00,0.00,0.00,16.50,16.50,0.00,32.25,32.25,0.00,0.00,0.00,0.00,17.50,17.50,0.00
285261,PARKVIEW HAVEN NURSING HOME,DESHLER,NE,Thayer,169,2020Q1,20200107,20,10.00,10.00,0.00,9.25,9.25,0.00,15.50,15.50,0.00,0.00,0.00,0.00,18.75,18.75,0.00,37.00,37.00,0.00,0.00,0.00,0.00,21.50,21.50,0.00
285261,PARKVIEW HAVEN NURSING HOME,DESHLER,NE,Thayer,169,2020Q1,20200108,20,10.00,10.00,0.00,11.00,11.00,0.00,6.25,6.25,0.00,0.00,0.00,0.00,16.25,16.25,0.00,32.25,32.25,0.00,0.00,0.00,0.00,15.50,15.50,0.00
285261,PARKVIEW HAVEN NURSING HOME,DESHLER,NE,Thayer,169,2020Q1,20200109,20,10.00,10.00,0.00,9.00,9.00,0.00,14.75,14.75,0.00,0.00,0.00,0.00,9.50,9.50,0.00,32.25,32.25,0.00,0.00,0.00,0.00,19.75,19.75,0.00
285261,PARKVIEW HAVEN NURSING HOME,DESHLER,NE,Thayer,169,2020Q1,20200110,22,0.00,0.00,0.00,10.25,10.25,0.00,17.25,17.25,0.00,0.00,0.00,0.00,16.25,16.25,0.00,32.75,32.75,0.00,0.00,0.00,0.00,15.75,15.75,0.00
285261,PARKVIEW HAVEN NURSING HOME,DESHLER,NE,Thayer,169,2020Q1,20200111,21,0.00,0.00,0.00,0.00,0.00,0.00,17.25,17.25,0.00,0.00,0.00,0.00,16.50,16.50,0.00,25.25,25.25,0.00,0.00,0.00,0.00,19.00,19.00,0.00
285261,PARKVIEW HAVEN NURSING HOME,DESHLER,NE,Thayer,169,2020Q1,20200112,21,0.00,0.00,0.00,0.00,0.00,0.00,25.00,25.00,0.00,0.00,0.00,0.00,16.50,16.50,0.00,33.50,33.50,0.00,0.00,0.00,0.00,16.00,16.00,0.00
285261,PARKVIEW HAVEN NURSING HOME,DESHLER,NE,Thayer,169,2020Q1,20200113,21,10.00,10.00,0.00,9.25,9.25,0.00,16.75,16.75,0.00,0.00,0.00,0.00,17.00,17.00,0.00,51.50,51.50,0.00,0.00,0.00,0.00,21.75,21.75,0.00
285261,PARKVIEW HAVEN NURSING HOME,DESHLER,NE,Thayer,169,2020Q1,20200114,20,10.00,10.00,0.00,8.00,8.00,0.00,8.50,8.50,0.00,0.00,0.00,0.00,26.00,26.00,0.00,36.25,36.25,0.00,0.00,0.00,0.00,23.00,23.00,0.00
285261,PARKVIEW HAVEN NURSING HOME,DESHLER,NE,Thayer,169,2020Q1,20200115,20,10.00,10.00,0.00,8.25,8.25,0.00,18.00,18.00,0.00,0.00,0.00,0.00,10.50,10.50,0.00,26.75,26.75,0.00,0.00,0.00,0.00,29.00,29.00,0.00
285261,PARKVIEW HAVEN NURSING HOME,DESHLER,NE,Thayer,169,2020Q1,20200116,21,10.00,10.00,0.00,8.75,8.75,0.00,16.25,16.25,0.00,0.00,0.00,0.00,16.00,16.00,0.00,29.00,29.00,0.00,0.00,0.00,0.00,25.25,25.25,0.00
285261,PARKVIEW HAVEN NURSING HOME,DESHLER,NE,Thayer,169,2020Q1,20200117,21,0.00,0.00,0.00,0.00,0.00,0.00,8.75,8.75,0.00,0.00,0.00,0.00,23.25,23.25,0.00,18.75,18.75,0.00,0.00,0.00,0.00,25.00,25.00,0.00
285261,PARKVIEW HAVEN NURSING HOME,DESHLER,NE,Thayer,169,2020Q1,20200118,21,0.00,0.00,0.00,8.50,8.50,0.00,0.00,0.00,0.00,0.00,0.00,0.00,24.75,24.75,0.00,46.00,46.00,0.00,0.00,0.00,0.00,14.75,14.75,0.00
285261,PARKVIEW HAVEN NURSING HOME,DESHLER,NE,Thayer,169,2020Q1,20200119,21,0.00,0.00,0.00,8.50,8.50,0.00,0.00,0.00,0.00,0.00,0.00,0.00,24.00,24.00,0.00,42.00,42.00,0.00,0.00,0.00,0.00,16.00,16.00,0.00
285261,PARKVIEW HAVEN NURSING HOME,DESHLER,NE,Thayer,169,2020Q1,20200120,21,10.00,10.00,0.00,8.50,8.50,0.00,12.50,12.50,0.00,0.00,0.00,0.00,22.00,22.00,0.00,38.75,38.75,0.00,0.00,0.00,0.00,17.75,17.75,0.00
285261,PARKVIEW HAVEN NURSING HOME,DESHLER,NE,Thayer,169,2020Q1,20200121,21,10.00,10.00,0.00,7.50,7.50,0.00,17.75,17.75,0.00,0.00,0.00,0.00,15.50,15.50,0.00,38.00,38.00,0.00,0.00,0.00,0.00,29.75,29.75,0.00
285261,PARKVIEW HAVEN NURSING HOME,DESHLER,NE,Thayer,169,2020Q1,20200122,21,10.00,10.00,0.00,7.25,7.25,0.00,22.75,22.75,0.00,0.00,0.00,0.00,8.50,8.50,0.00,31.75,31.75,0.00,0.00,0.00,0.00,34.50,34.50,0.00
285261,PARKVIEW HAVEN NURSING HOME,DESHLER,NE,Thayer,169,2020Q1,20200123,20,10.00,10.00,0.00,0.00,0.00,0.00,20.00,20.00,0.00,0.00,0.00,0.00,24.00,24.00,0.00,36.50,36.50,0.00,0.00,0.00,0.00,26.00,26.00,0.00
285261,PARKVIEW HAVEN NURSING HOME,DESHLER,NE,Thayer,169,2020Q1,20200124,20,0.00,0.00,0.00,0.00,0.00,0.00,8.00,8.00,0.00,0.00,0.00,0.00,24.25,24.25,0.00,36.25,36.25,0.00,0.00,0.00,0.00,21.25,21.25,0.00
285261,PARKVIEW HAVEN NURSING HOME,DESHLER,NE,Thayer,169,2020Q1,20200125,20,0.00,0.00,0.00,8.50,8.50,0.00,8.50,8.50,0.00,0.00,0.00,0.00,16.00,16.00,0.00,22.50,22.50,0.00,0.00,0.00,0.00,16.25,16.25,0.00
285261,PARKVIEW HAVEN NURSING HOME,DESHLER,NE,Thayer,169,2020Q1,20200126,20,0.00,0.00,0.00,8.25,8.25,0.00,17.50,17.50,0.00,0.00,0.00,0.00,16.50,16.50,0.00,24.25,24.25,0.00,0.00,0.00,0.00,15.50,15.50,0.00
285261,PARKVIEW HAVEN NURSING HOME,DESHLER,NE,Thayer,169,2020Q1,20200127,22,10.00,10.00,0.00,9.25,9.25,0.00,17.25,17.25,0.00,0.00,0.00,0.00,10.00,10.00,0.00,31.00,31.00,0.00,0.00,0.00,0.00,34.00,34.00,0.00
285261,PARKVIEW HAVEN NURSING HOME,DESHLER,NE,Thayer,169,2020Q1,20200128,22,10.00,10.00,0.00,8.75,8.75,0.00,17.00,17.00,0.00,0.00,0.00,0.00,26.75,26.75,0.00,32.75,32.75,0.00,0.00,0.00,0.00,15.25,15.25,0.00
285261,PARKVIEW HAVEN NURSING HOME,DESHLER,NE,Thayer,169,2020Q1,20200129,21,10.00,10.00,0.00,0.00,0.00,0.00,19.50,19.50,0.00,0.00,0.00,0.00,29.25,29.25,0.00,33.00,33.00,0.00,0.00,0.00,0.00,24.75,24.75,0.00
285261,PARKVIEW HAVEN NURSING HOME,DESHLER,NE,Thayer,169,2020Q1,20200130,21,10.00,10.00,0.00,8.50,8.50,0.00,28.50,28.50,0.00,0.00,0.00,0.00,15.75,15.75,0.00,36.50,36.50,0.00,0.00,0.00,0.00,30.25,30.25,0.00
285261,PARKVIEW HAVEN NURSING HOME,DESHLER,NE,Thayer,169,2020Q1,20200131,23,0.00,0.00,0.00,10.25,10.25,0.00,0.00,0.00,0.00,0.00,0.00,0.00,40.00,40.00,0.00,25.25,25.25,0.00,0.00,0.00,0.00,14.50,14.50,0.00
285261,PARKVIEW HAVEN NURSING HOME,DESHLER,NE,Thayer,169,2020Q1,20200201,23,0.00,0.00,0.00,0.00,0.00,0.00,8.75,8.75,0.00,0.00,0.00,0.00,17.25,17.25,0.00,38.50,38.50,0.00,0.00,0.00,0.00,15.25,15.25,0.00
285261,PARKVIEW HAVEN NURSING HOME,DESHLER,NE,Thayer,169,2020Q1,20200202,23,0.00,0.00,0.00,0.00,0.00,0.00,8.25,8.25,0.00,0.00,0.00,0.00,16.75,16.75,0.00,30.50,30.50,0.00,0.00,0.00,0.00,23.75,23.75,0.00
285261,PARKVIEW HAVEN NURSING HOME,DESHLER,NE,Thayer,169,2020Q1,20200203,23,10.00,10.00,0.00,9.50,9.50,0.00,18.00,18.00,0.00,0.00,0.00,0.00,25.00,25.00,0.00,36.25,36.25,0.00,0.00,0.00,0.00,22.75,22.75,0.00
285261,PARKVIEW HAVEN NURSING HOME,DESHLER,NE,Thayer,169,2020Q1,20200204,23,5.00,5.00,0.00,9.00,9.00,0.00,16.25,16.25,0.00,0.00,0.00,0.00,16.00,16.00,0.00,45.75,45.75,0.00,0.00,0.00,0.00,34.00,34.00,0.00
285261,PARKVIEW HAVEN NURSING HOME,DESHLER,NE,Thayer,169,2020Q1,20200205,24,0.00,0.00,0.00,0.00,0.00,0.00,8.50,8.50,0.00,0.00,0.00,0.00,20.50,20.50,0.00,44.75,44.75,0.00,0.00,0.00,0.00,23.75,23.75,0.00
285261,PARKVIEW HAVEN NURSING HOME,DESHLER,NE,Thayer,169,2020Q1,20200206,23,10.00,10.00,0.00,8.50,8.50,0.00,8.00,8.00,0.00,0.00,0.00,0.00,9.25,9.25,0.00,37.25,37.25,0.00,0.00,0.00,0.00,35.50,35.50,0.00
285261,PARKVIEW HAVEN NURSING HOME,DESHLER,NE,Thayer,169,2020Q1,20200207,22,10.00,10.00,0.00,9.00,9.00,0.00,1.25,1.25,0.00,0.00,0.00,0.00,17.00,17.00,0.00,38.00,38.00,0.00,0.00,0.00,0.00,22.25,22.25,0.00
285261,PARKVIEW HAVEN NURSING HOME,DESHLER,NE,Thayer,169,2020Q1,20200208,21,0.00,0.00,0.00,8.50,8.50,0.00,15.75,15.75,0.00,0.00,0.00,0.00,16.00,16.00,0.00,35.75,35.75,0.00,0.00,0.00,0.00,15.25,15.25,0.00
285261,PARKVIEW HAVEN NURSING HOME,DESHLER,NE,Thayer,169,2020Q1,20200209,21,0.00,0.00,0.00,8.50,8.50,0.00,8.25,8.25,0.00,0.00,0.00,0.00,21.25,21.25,0.00,32.00,32.00,0.00,0.00,0.00,0.00,17.50,17.50,0.00
285261,PARKVIEW HAVEN NURSING HOME,DESHLER,NE,Thayer,169,2020Q1,20200210,22,10.00,10.00,0.00,8.75,8.75,0.00,12.50,12.50,0.00,0.00,0.00,0.00,16.50,16.50,0.00,30.75,30.75,0.00,0.00,0.00,0.00,22.50,22.50,0.00
285261,PARKVIEW HAVEN NURSING HOME,DESHLER,NE,Thayer,169,2020Q1,20200211,22,10.00,10.00,0.00,9.00,9.00,0.00,15.00,15.00,0.00,0.00,0.00,0.00,25.25,25.25,0.00,42.25,42.25,0.00,0.00,0.00,0.00,30.75,30.75,0.00
285261,PARKVIEW HAVEN NURSING HOME,DESHLER,NE,Thayer,169,2020Q1,20200212,22,10.00,10.00,0.00,0.00,0.00,0.00,17.50,17.50,0.00,0.00,0.00,0.00,24.50,24.50,0.00,35.50,35.50,0.00,0.00,0.00,0.00,23.25,23.25,0.00
285261,PARKVIEW HAVEN NURSING HOME,DESHLER,NE,Thayer,169,2020Q1,20200213,22,10.00,10.00,0.00,8.75,8.75,0.00,6.50,6.50,0.00,0.00,0.00,0.00,8.50,8.50,0.00,38.00,38.00,0.00,0.00,0.00,0.00,28.75,28.75,0.00
285261,PARKVIEW HAVEN NURSING HOME,DESHLER,NE,Thayer,169,2020Q1,20200214,22,0.00,0.00,0.00,9.25,9.25,0.00,9.50,9.50,0.00,0.00,0.00,0.00,24.25,24.25,0.00,45.25,45.25,0.00,0.00,0.00,0.00,15.50,15.50,0.00
285261,PARKVIEW HAVEN NURSING HOME,DESHLER,NE,Thayer,169,2020Q1,20200215,22,0.00,0.00,0.00,0.00,0.00,0.00,8.25,8.25,0.00,0.00,0.00,0.00,16.75,16.75,0.00,30.00,30.00,0.00,0.00,0.00,0.00,23.25,23.25,0.00
285261,PARKVIEW HAVEN NURSING HOME,DESHLER,NE,Thayer,169,2020Q1,20200216,22,0.00,0.00,0.00,0.00,0.00,0.00,8.25,8.25,0.00,0.00,0.00,0.00,16.75,16.75,0.00,30.25,30.25,0.00,0.00,0.00,0.00,29.75,29.75,0.00
285261,PARKVIEW HAVEN NURSING HOME,DESHLER,NE,Thayer,169,2020Q1,20200217,21,0.00,0.00,0.00,7.75,7.75,0.00,20.25,20.25,0.00,0.00,0.00,0.00,15.50,15.50,0.00,44.50,44.50,0.00,0.00,0.00,0.00,23.75,23.75,0.00
285261,PARKVIEW HAVEN NURSING HOME,DESHLER,NE,Thayer,169,2020Q1,20200218,22,0.00,0.00,0.00,8.50,8.50,0.00,16.25,16.25,0.00,0.00,0.00,0.00,24.50,24.50,0.00,35.00,35.00,0.00,0.00,0.00,0.00,31.25,31.25,0.00
285261,PARKVIEW HAVEN NURSING HOME,DESHLER,NE,Thayer,169,2020Q1,20200219,22,0.00,0.00,0.00,0.00,0.00,0.00,16.75,16.75,0.00,0.00,0.00,0.00,15.50,15.50,0.00,35.75,35.75,0.00,0.00,0.00,0.00,23.75,23.75,0.00
285261,PARKVIEW HAVEN NURSING HOME,DESHLER,NE,Thayer,169,2020Q1,20200220,22,0.00,0.00,0.00,8.50,8.50,0.00,8.50,8.50,0.00,0.00,0.00,0.00,16.00,16.00,0.00,36.25,36.25,0.00,0.00,0.00,0.00,22.75,22.75,0.00
285261,PARKVIEW HAVEN NURSING HOME,DESHLER,NE,Thayer,169,2020Q1,20200221,23,0.00,0.00,0.00,9.00,9.00,0.00,14.25,14.25,0.00,0.00,0.00,0.00,25.75,25.75,0.00,30.75,30.75,0.00,0.00,0.00,0.00,38.00,38.00,0.00
285261,PARKVIEW HAVEN NURSING HOME,DESHLER,NE,Thayer,169,2020Q1,20200222,23,0.00,0.00,0.00,5.50,5.50,0.00,10.75,10.75,0.00,0.00,0.00,0.00,16.50,16.50,0.00,38.75,38.75,0.00,0.00,0.00,0.00,11.75,11.75,0.00
285261,PARKVIEW HAVEN NURSING HOME,DESHLER,NE,Thayer,169,2020Q1,20200223,23,0.00,0.00,0.00,8.50,8.50,0.00,8.50,8.50,0.00,0.00,0.00,0.00,16.50,16.50,0.00,34.25,34.25,0.00,0.00,0.00,0.00,12.50,12.50,0.00
285261,PARKVIEW HAVEN NURSING HOME,DESHLER,NE,Thayer,169,2020Q1,20200224,23,10.00,10.00,0.00,7.75,7.75,0.00,16.50,16.50,0.00,0.00,0.00,0.00,24.50,24.50,0.00,28.25,28.25,0.00,0.00,0.00,0.00,30.50,30.50,0.00
285261,PARKVIEW HAVEN NURSING HOME,DESHLER,NE,Thayer,169,2020Q1,20200225,23,10.00,10.00,0.00,5.25,5.25,0.00,16.75,16.75,0.00,0.00,0.00,0.00,16.75,16.75,0.00,33.75,33.75,0.00,0.00,0.00,0.00,36.50,36.50,0.00
285261,PARKVIEW HAVEN NURSING HOME,DESHLER,NE,Thayer,169,2020Q1,20200226,23,10.00,10.00,0.00,0.00,0.00,0.00,17.00,17.00,0.00,0.00,0.00,0.00,16.25,16.25,0.00,45.00,45.00,0.00,0.00,0.00,0.00,23.25,23.25,0.00
285261,PARKVIEW HAVEN NURSING HOME,DESHLER,NE,Thayer,169,2020Q1,20200227,23,10.00,10.00,0.00,8.25,8.25,0.00,16.25,16.25,0.00,0.00,0.00,0.00,16.00,16.00,0.00,46.50,46.50,0.00,0.00,0.00,0.00,31.50,31.50,0.00
285261,PARKVIEW HAVEN NURSING HOME,DESHLER,NE,Thayer,169,2020Q1,20200228,23,0.00,0.00,0.00,8.25,8.25,0.00,0.00,0.00,0.00,0.00,0.00,0.00,16.25,16.25,0.00,43.75,43.75,0.00,0.00,0.00,0.00,30.50,30.50,0.00
285261,PARKVIEW HAVEN NURSING HOME,DESHLER,NE,Thayer,169,2020Q1,20200229,23,0.00,0.00,0.00,0.00,0.00,0.00,9.25,9.25,0.00,0.00,0.00,0.00,16.75,16.75,0.00,37.50,37.50,0.00,0.00,0.00,0.00,22.50,22.50,0.00
285261,PARKVIEW HAVEN NURSING HOME,DESHLER,NE,Thayer,169,2020Q1,20200301,23,0.00,0.00,0.00,0.00,0.00,0.00,8.25,8.25,0.00,0.00,0.00,0.00,24.25,24.25,0.00,28.25,28.25,0.00,0.00,0.00,0.00,16.00,16.00,0.00
285261,PARKVIEW HAVEN NURSING HOME,DESHLER,NE,Thayer,169,2020Q1,20200302,23,10.00,10.00,0.00,8.75,8.75,0.00,17.00,17.00,0.00,0.00,0.00,0.00,16.50,16.50,0.00,40.75,40.75,0.00,0.00,0.00,0.00,23.25,23.25,0.00
285261,PARKVIEW HAVEN NURSING HOME,DESHLER,NE,Thayer,169,2020Q1,20200303,23,10.00,10.00,0.00,7.75,7.75,0.00,16.25,16.25,0.00,0.00,0.00,0.00,15.75,15.75,0.00,41.75,41.75,0.00,0.00,0.00,0.00,30.00,30.00,0.00
285261,PARKVIEW HAVEN NURSING HOME,DESHLER,NE,Thayer,169,2020Q1,20200304,23,10.00,10.00,0.00,0.00,0.00,0.00,17.00,17.00,0.00,0.00,0.00,0.00,24.75,24.75,0.00,29.75,29.75,0.00,0.00,0.00,0.00,24.00,24.00,0.00
285261,PARKVIEW HAVEN NURSING HOME,DESHLER,NE,Thayer,169,2020Q1,20200305,22,10.00,10.00,0.00,8.75,8.75,0.00,8.50,8.50,0.00,0.00,0.00,0.00,16.25,16.25,0.00,44.25,44.25,0.00,0.00,0.00,0.00,30.25,30.25,0.00
285261,PARKVIEW HAVEN NURSING HOME,DESHLER,NE,Thayer,169,2020Q1,20200306,23,0.00,0.00,0.00,8.75,8.75,0.00,8.00,8.00,0.00,0.00,0.00,0.00,16.75,16.75,0.00,35.25,35.25,0.00,0.00,0.00,0.00,30.50,30.50,0.00
285261,PARKVIEW HAVEN NURSING HOME,DESHLER,NE,Thayer,169,2020Q1,20200307,23,0.00,0.00,0.00,8.25,8.25,0.00,8.75,8.75,0.00,0.00,0.00,0.00,8.50,8.50,0.00,22.50,22.50,0.00,0.00,0.00,0.00,20.00,20.00,0.00
285261,PARKVIEW HAVEN NURSING HOME,DESHLER,NE,Thayer,169,2020Q1,20200308,23,0.00,0.00,0.00,8.25,8.25,0.00,9.00,9.00,0.00,0.00,0.00,0.00,16.00,16.00,0.00,23.50,23.50,0.00,0.00,0.00,0.00,15.50,15.50,0.00
285261,PARKVIEW HAVEN NURSING HOME,DESHLER,NE,Thayer,169,2020Q1,20200309,23,10.00,10.00,0.00,8.25,8.25,0.00,17.25,17.25,0.00,0.00,0.00,0.00,24.75,24.75,0.00,30.75,30.75,0.00,0.00,0.00,0.00,30.50,30.50,0.00
285261,PARKVIEW HAVEN NURSING HOME,DESHLER,NE,Thayer,169,2020Q1,20200310,23,10.00,10.00,0.00,0.00,0.00,0.00,18.50,18.50,0.00,0.00,0.00,0.00,25.25,25.25,0.00,34.00,34.00,0.00,0.00,0.00,0.00,31.50,31.50,0.00
285261,PARKVIEW HAVEN NURSING HOME,DESHLER,NE,Thayer,169,2020Q1,20200311,23,10.00,10.00,0.00,0.00,0.00,0.00,18.25,18.25,0.00,0.00,0.00,0.00,16.50,16.50,0.00,29.75,29.75,0.00,0.00,0.00,0.00,26.50,26.50,0.00
285261,PARKVIEW HAVEN NURSING HOME,DESHLER,NE,Thayer,169,2020Q1,20200312,23,10.00,10.00,0.00,7.00,7.00,0.00,9.00,9.00,0.00,0.00,0.00,0.00,16.00,16.00,0.00,37.50,37.50,0.00,0.00,0.00,0.00,28.75,28.75,0.00
285261,PARKVIEW HAVEN NURSING HOME,DESHLER,NE,Thayer,169,2020Q1,20200313,23,0.00,0.00,0.00,9.00,9.00,0.00,0.00,0.00,0.00,0.00,0.00,0.00,8.25,8.25,0.00,25.00,25.00,0.00,0.00,0.00,0.00,36.50,36.50,0.00
285261,PARKVIEW HAVEN NURSING HOME,DESHLER,NE,Thayer,169,2020Q1,20200314,23,0.00,0.00,0.00,8.25,8.25,0.00,0.00,0.00,0.00,0.00,0.00,0.00,16.75,16.75,0.00,19.75,19.75,0.00,0.00,0.00,0.00,23.50,23.50,0.00
285261,PARKVIEW HAVEN NURSING HOME,DESHLER,NE,Thayer,169,2020Q1,20200315,23,0.00,0.00,0.00,8.50,8.50,0.00,0.00,0.00,0.00,0.00,0.00,0.00,16.50,16.50,0.00,20.50,20.50,0.00,0.00,0.00,0.00,23.00,23.00,0.00
285261,PARKVIEW HAVEN NURSING HOME,DESHLER,NE,Thayer,169,2020Q1,20200316,23,10.00,10.00,0.00,0.00,0.00,0.00,17.00,17.00,0.00,0.00,0.00,0.00,17.75,17.75,0.00,22.25,22.25,0.00,0.00,0.00,0.00,30.75,30.75,0.00
285261,PARKVIEW HAVEN NURSING HOME,DESHLER,NE,Thayer,169,2020Q1,20200317,22,10.00,10.00,0.00,7.75,7.75,0.00,16.25,16.25,0.00,0.00,0.00,0.00,16.25,16.25,0.00,39.00,39.00,0.00,0.00,0.00,0.00,31.50,31.50,0.00
285261,PARKVIEW HAVEN NURSING HOME,DESHLER,NE,Thayer,169,2020Q1,20200318,21,0.00,0.00,0.00,0.00,0.00,0.00,16.50,16.50,0.00,0.00,0.00,0.00,26.00,26.00,0.00,30.50,30.50,0.00,0.00,0.00,0.00,31.25,31.25,0.00
285261,PARKVIEW HAVEN NURSING HOME,DESHLER,NE,Thayer,169,2020Q1,20200319,21,10.00,10.00,0.00,0.00,0.00,0.00,0.00,0.00,0.00,0.00,0.00,0.00,23.00,23.00,0.00,24.00,24.00,0.00,0.00,0.00,0.00,30.50,30.50,0.00
285261,PARKVIEW HAVEN NURSING HOME,DESHLER,NE,Thayer,169,2020Q1,20200320,22,10.00,10.00,0.00,0.00,0.00,0.00,16.50,16.50,0.00,0.00,0.00,0.00,24.75,24.75,0.00,37.75,37.75,0.00,0.00,0.00,0.00,23.00,23.00,0.00
285261,PARKVIEW HAVEN NURSING HOME,DESHLER,NE,Thayer,169,2020Q1,20200321,22,0.00,0.00,0.00,0.00,0.00,0.00,17.75,17.75,0.00,0.00,0.00,0.00,13.75,13.75,0.00,22.75,22.75,0.00,0.00,0.00,0.00,23.75,23.75,0.00
285261,PARKVIEW HAVEN NURSING HOME,DESHLER,NE,Thayer,169,2020Q1,20200322,22,0.00,0.00,0.00,0.00,0.00,0.00,10.25,10.25,0.00,0.00,0.00,0.00,17.00,17.00,0.00,28.00,28.00,0.00,0.00,0.00,0.00,23.50,23.50,0.00
285261,PARKVIEW HAVEN NURSING HOME,DESHLER,NE,Thayer,169,2020Q1,20200323,22,0.00,0.00,0.00,7.50,7.50,0.00,17.75,17.75,0.00,0.00,0.00,0.00,16.00,16.00,0.00,17.00,17.00,0.00,0.00,0.00,0.00,41.00,41.00,0.00
285261,PARKVIEW HAVEN NURSING HOME,DESHLER,NE,Thayer,169,2020Q1,20200324,22,0.00,0.00,0.00,7.75,7.75,0.00,16.75,16.75,0.00,0.00,0.00,0.00,25.00,25.00,0.00,30.00,30.00,0.00,0.00,0.00,0.00,24.00,24.00,0.00
285261,PARKVIEW HAVEN NURSING HOME,DESHLER,NE,Thayer,169,2020Q1,20200325,22,0.00,0.00,0.00,8.50,8.50,0.00,9.00,9.00,0.00,0.00,0.00,0.00,19.75,19.75,0.00,36.00,36.00,0.00,0.00,0.00,0.00,28.75,28.75,0.00
285261,PARKVIEW HAVEN NURSING HOME,DESHLER,NE,Thayer,169,2020Q1,20200326,21,0.00,0.00,0.00,0.00,0.00,0.00,16.50,16.50,0.00,0.00,0.00,0.00,16.00,16.00,0.00,23.00,23.00,0.00,0.00,0.00,0.00,32.00,32.00,0.00
285261,PARKVIEW HAVEN NURSING HOME,DESHLER,NE,Thayer,169,2020Q1,20200327,21,0.00,0.00,0.00,9.00,9.00,0.00,8.50,8.50,0.00,0.00,0.00,0.00,16.50,16.50,0.00,39.00,39.00,0.00,0.00,0.00,0.00,22.50,22.50,0.00
285261,PARKVIEW HAVEN NURSING HOME,DESHLER,NE,Thayer,169,2020Q1,20200328,20,0.00,0.00,0.00,8.25,8.25,0.00,0.00,0.00,0.00,0.00,0.00,0.00,31.75,31.75,0.00,22.25,22.25,0.00,0.00,0.00,0.00,15.75,15.75,0.00
285261,PARKVIEW HAVEN NURSING HOME,DESHLER,NE,Thayer,169,2020Q1,20200329,20,0.00,0.00,0.00,8.50,8.50,0.00,4.50,4.50,0.00,0.00,0.00,0.00,23.50,23.50,0.00,23.50,23.50,0.00,0.00,0.00,0.00,16.00,16.00,0.00
285261,PARKVIEW HAVEN NURSING HOME,DESHLER,NE,Thayer,169,2020Q1,20200330,20,0.00,0.00,0.00,0.00,0.00,0.00,14.75,14.75,0.00,0.00,0.00,0.00,23.75,23.75,0.00,29.75,29.75,0.00,0.00,0.00,0.00,31.75,31.75,0.00
285261,PARKVIEW HAVEN NURSING HOME,DESHLER,NE,Thayer,169,2020Q1,20200331,21,0.00,0.00,0.00,7.50,7.50,0.00,8.75,8.75,0.00,0.00,0.00,0.00,23.75,23.75,0.00,37.75,37.75,0.00,0.00,0.00,0.00,24.00,24.00,0.00
