PROVNUM,PROVNAME,CITY,STATE,COUNTY_NAME,COUNTY_FIPS,CY_Qtr,WorkDate,MDScensus,Hrs_Admin,Hrs_Admin_emp,Hrs_Admin_ctr,Hrs_MedDir,Hrs_MedDir_emp,Hrs_MedDir_ctr,Hrs_OthMD,Hrs_OthMD_emp,Hrs_OthMD_ctr,Hrs_PA,Hrs_PA_emp,Hrs_PA_ctr,Hrs_NP,Hrs_NP_emp,Hrs_NP_ctr,Hrs_ClinNrsSpec,Hrs_ClinNrsSpec_emp,Hrs_ClinNrsSpec_ctr,Hrs_Pharmacist,Hrs_Pharmacist_emp,Hrs_Pharmacist_ctr,Hrs_Dietician,Hrs_Dietician_emp,Hrs_Dietician_ctr,Hrs_FeedAsst,Hrs_FeedAsst_emp,Hrs_FeedAsst_ctr,Hrs_OT,Hrs_OT_emp,Hrs_OT_ctr,Hrs_OTasst,Hrs_OTasst_emp,Hrs_OTasst_ctr,Hrs_OTaide,Hrs_OTaide_emp,Hrs_OTaide_ctr,Hrs_PT,Hrs_PT_emp,Hrs_PT_ctr,Hrs_PTasst,Hrs_PTasst_emp,Hrs_PTasst_ctr,Hrs_PTaide,Hrs_PTaide_emp,Hrs_PTaide_ctr,Hrs_RespTher,Hrs_RespTher_emp,Hrs_RespTher_ctr,Hrs_RespTech,Hrs_RespTech_emp,Hrs_RespTech_ctr,Hrs_SpcLangPath,Hrs_SpcLangPath_emp,Hrs_SpcLangPath_ctr,Hrs_TherRecSpec,Hrs_TherRecSpec_emp,Hrs_TherRecSpec_ctr,Hrs_QualActvProf,Hrs_QualActvProf_emp,Hrs_QualActvProf_ctr,Hrs_OthActv,Hrs_OthActv_emp,Hrs_OthActv_ctr,Hrs_QualSocWrk,Hrs_QualSocWrk_emp,Hrs_QualSocWrk_ctr,Hrs_OthSocWrk,Hrs_OthSocWrk_emp,Hrs_OthSocWrk_ctr,Hrs_MHSvc,Hrs_MHSvc_emp,Hrs_MHSvc_ctr
155746,PARKVIEW HAVEN,FRANCESVILLE,IN,Pulaski,131,2020Q2,20200401,40,12.00,12.00,0.00,0.00,0.00,0.00,0.00,0.00,0.00,0.00,0.00,0.00,0.00,0.00,0.00,0.00,0.00,0.00,0.00,0.00,0.00,0.00,0.00,0.00,0.00,0.00,0.00,0.00,0.00,0.00,0.00,0.00,0.00,0.00,0.00,0.00,0.00,0.00,0.00,3.10,0.00,3.10,0.00,0.00,0.00,0.00,0.00,0.00,0.00,0.00,0.00,3.27,0.00,3.27,0.00,0.00,0.00,8.00,8.00,0.00,19.87,19.87,0.00,8.08,8.08,0.00,0.00,0.00,0.00,0.00,0.00,0.00
155746,PARKVIEW HAVEN,FRANCESVILLE,IN,Pulaski,131,2020Q2,20200402,40,12.00,12.00,0.00,0.00,0.00,0.00,0.00,0.00,0.00,0.00,0.00,0.00,0.00,0.00,0.00,0.00,0.00,0.00,0.25,0.00,0.25,0.00,0.00,0.00,0.00,0.00,0.00,0.00,0.00,0.00,5.45,0.00,5.45,0.00,0.00,0.00,0.00,0.00,0.00,3.87,0.00,3.87,0.00,0.00,0.00,0.00,0.00,0.00,0.00,0.00,0.00,0.00,0.00,0.00,0.00,0.00,0.00,8.00,8.00,0.00,23.32,23.32,0.00,8.17,8.17,0.00,0.00,0.00,0.00,0.00,0.00,0.00
155746,PARKVIEW HAVEN,FRANCESVILLE,IN,Pulaski,131,2020Q2,20200403,40,8.00,8.00,0.00,0.00,0.00,0.00,0.00,0.00,0.00,0.00,0.00,0.00,0.00,0.00,0.00,0.00,0.00,0.00,0.00,0.00,0.00,0.00,0.00,0.00,0.00,0.00,0.00,0.58,0.00,0.58,4.93,0.00,4.93,0.00,0.00,0.00,0.00,0.00,0.00,3.07,0.00,3.07,0.00,0.00,0.00,0.00,0.00,0.00,0.00,0.00,0.00,0.00,0.00,0.00,0.00,0.00,0.00,8.00,8.00,0.00,15.64,15.64,0.00,8.08,8.08,0.00,0.00,0.00,0.00,0.00,0.00,0.00
155746,PARKVIEW HAVEN,FRANCESVILLE,IN,Pulaski,131,2020Q2,20200404,40,0.00,0.00,0.00,0.00,0.00,0.00,0.00,0.00,0.00,0.00,0.00,0.00,0.00,0.00,0.00,0.00,0.00,0.00,0.00,0.00,0.00,0.00,0.00,0.00,3.62,3.62,0.00,0.00,0.00,0.00,0.00,0.00,0.00,0.00,0.00,0.00,0.00,0.00,0.00,0.00,0.00,0.00,0.00,0.00,0.00,0.00,0.00,0.00,0.00,0.00,0.00,0.00,0.00,0.00,0.00,0.00,0.00,0.00,0.00,0.00,7.87,7.87,0.00,0.00,0.00,0.00,0.00,0.00,0.00,0.00,0.00,0.00
155746,PARKVIEW HAVEN,FRANCESVILLE,IN,Pulaski,131,2020Q2,20200405,40,0.00,0.00,0.00,0.00,0.00,0.00,0.00,0.00,0.00,0.00,0.00,0.00,0.00,0.00,0.00,0.00,0.00,0.00,0.00,0.00,0.00,0.00,0.00,0.00,0.00,0.00,0.00,0.00,0.00,0.00,0.00,0.00,0.00,0.00,0.00,0.00,0.00,0.00,0.00,0.00,0.00,0.00,0.00,0.00,0.00,0.00,0.00,0.00,0.00,0.00,0.00,0.00,0.00,0.00,0.00,0.00,0.00,0.00,0.00,0.00,3.93,3.93,0.00,0.00,0.00,0.00,0.00,0.00,0.00,0.00,0.00,0.00
155746,PARKVIEW HAVEN,FRANCESVILLE,IN,Pulaski,131,2020Q2,20200406,40,12.00,12.00,0.00,0.00,0.00,0.00,0.00,0.00,0.00,0.00,0.00,0.00,0.00,0.00,0.00,0.00,0.00,0.00,2.00,0.00,2.00,0.00,0.00,0.00,0.00,0.00,0.00,0.00,0.00,0.00,5.02,0.00,5.02,0.00,0.00,0.00,0.00,0.00,0.00,3.57,0.00,3.57,0.00,0.00,0.00,0.00,0.00,0.00,0.00,0.00,0.00,1.90,0.00,1.90,0.00,0.00,0.00,8.00,8.00,0.00,15.12,15.12,0.00,8.88,8.88,0.00,0.00,0.00,0.00,0.00,0.00,0.00
155746,PARKVIEW HAVEN,FRANCESVILLE,IN,Pulaski,131,2020Q2,20200407,40,12.00,12.00,0.00,0.00,0.00,0.00,0.00,0.00,0.00,0.00,0.00,0.00,0.00,0.00,0.00,0.00,0.00,0.00,0.00,0.00,0.00,0.00,0.00,0.00,0.00,0.00,0.00,0.65,0.00,0.65,5.20,0.00,5.20,0.00,0.00,0.00,0.00,0.00,0.00,3.60,0.00,3.60,0.00,0.00,0.00,0.00,0.00,0.00,0.00,0.00,0.00,0.00,0.00,0.00,0.00,0.00,0.00,8.00,8.00,0.00,20.50,20.50,0.00,8.25,8.25,0.00,0.00,0.00,0.00,0.00,0.00,0.00
155746,PARKVIEW HAVEN,FRANCESVILLE,IN,Pulaski,131,2020Q2,20200408,40,12.00,12.00,0.00,0.00,0.00,0.00,0.00,0.00,0.00,0.00,0.00,0.00,0.00,0.00,0.00,0.00,0.00,0.00,0.00,0.00,0.00,0.00,0.00,0.00,0.00,0.00,0.00,0.00,0.00,0.00,4.35,0.00,4.35,0.00,0.00,0.00,0.00,0.00,0.00,3.10,0.00,3.10,0.00,0.00,0.00,0.00,0.00,0.00,0.00,0.00,0.00,2.33,0.00,2.33,0.00,0.00,0.00,8.00,8.00,0.00,24.05,24.05,0.00,0.00,0.00,0.00,0.00,0.00,0.00,0.00,0.00,0.00
155746,PARKVIEW HAVEN,FRANCESVILLE,IN,Pulaski,131,2020Q2,20200409,40,12.00,12.00,0.00,0.00,0.00,0.00,0.00,0.00,0.00,0.00,0.00,0.00,0.00,0.00,0.00,0.00,0.00,0.00,0.00,0.00,0.00,0.00,0.00,0.00,0.00,0.00,0.00,0.00,0.00,0.00,5.52,0.00,5.52,0.00,0.00,0.00,0.00,0.00,0.00,3.17,0.00,3.17,0.00,0.00,0.00,0.00,0.00,0.00,0.00,0.00,0.00,0.00,0.00,0.00,0.00,0.00,0.00,8.00,8.00,0.00,16.58,16.58,0.00,8.70,8.70,0.00,0.00,0.00,0.00,0.00,0.00,0.00
155746,PARKVIEW HAVEN,FRANCESVILLE,IN,Pulaski,131,2020Q2,20200410,40,12.00,12.00,0.00,0.00,0.00,0.00,0.00,0.00,0.00,0.00,0.00,0.00,0.00,0.00,0.00,0.00,0.00,0.00,0.00,0.00,0.00,0.00,0.00,0.00,0.00,0.00,0.00,0.00,0.00,0.00,3.22,0.00,3.22,0.00,0.00,0.00,0.00,0.00,0.00,2.32,0.00,2.32,0.00,0.00,0.00,0.00,0.00,0.00,0.00,0.00,0.00,0.00,0.00,0.00,0.00,0.00,0.00,8.00,8.00,0.00,17.10,17.10,0.00,8.08,8.08,0.00,0.00,0.00,0.00,0.00,0.00,0.00
155746,PARKVIEW HAVEN,FRANCESVILLE,IN,Pulaski,131,2020Q2,20200411,40,0.00,0.00,0.00,0.00,0.00,0.00,0.00,0.00,0.00,0.00,0.00,0.00,0.00,0.00,0.00,0.00,0.00,0.00,0.00,0.00,0.00,0.00,0.00,0.00,3.65,3.65,0.00,0.00,0.00,0.00,0.00,0.00,0.00,0.00,0.00,0.00,0.00,0.00,0.00,0.00,0.00,0.00,0.00,0.00,0.00,0.00,0.00,0.00,0.00,0.00,0.00,0.00,0.00,0.00,0.00,0.00,0.00,0.00,0.00,0.00,7.17,7.17,0.00,6.35,6.35,0.00,0.00,0.00,0.00,0.00,0.00,0.00
155746,PARKVIEW HAVEN,FRANCESVILLE,IN,Pulaski,131,2020Q2,20200412,40,0.00,0.00,0.00,0.00,0.00,0.00,0.00,0.00,0.00,0.00,0.00,0.00,0.00,0.00,0.00,0.00,0.00,0.00,0.00,0.00,0.00,0.00,0.00,0.00,3.40,3.40,0.00,0.00,0.00,0.00,0.00,0.00,0.00,0.00,0.00,0.00,0.00,0.00,0.00,0.00,0.00,0.00,0.00,0.00,0.00,0.00,0.00,0.00,0.00,0.00,0.00,0.00,0.00,0.00,0.00,0.00,0.00,0.00,0.00,0.00,4.03,4.03,0.00,0.00,0.00,0.00,0.00,0.00,0.00,0.00,0.00,0.00
155746,PARKVIEW HAVEN,FRANCESVILLE,IN,Pulaski,131,2020Q2,20200413,40,8.00,8.00,0.00,0.00,0.00,0.00,0.00,0.00,0.00,0.00,0.00,0.00,0.00,0.00,0.00,0.00,0.00,0.00,0.00,0.00,0.00,0.00,0.00,0.00,0.00,0.00,0.00,0.00,0.00,0.00,3.35,0.00,3.35,0.00,0.00,0.00,0.25,0.00,0.25,2.28,0.00,2.28,0.00,0.00,0.00,0.00,0.00,0.00,0.00,0.00,0.00,1.83,0.00,1.83,0.00,0.00,0.00,8.00,8.00,0.00,15.48,15.48,0.00,8.16,8.16,0.00,0.00,0.00,0.00,0.00,0.00,0.00
155746,PARKVIEW HAVEN,FRANCESVILLE,IN,Pulaski,131,2020Q2,20200414,40,12.00,12.00,0.00,0.00,0.00,0.00,0.00,0.00,0.00,0.00,0.00,0.00,0.00,0.00,0.00,0.00,0.00,0.00,0.00,0.00,0.00,4.25,0.00,4.25,0.00,0.00,0.00,0.00,0.00,0.00,3.38,0.00,3.38,0.00,0.00,0.00,0.00,0.00,0.00,2.38,0.00,2.38,0.00,0.00,0.00,0.00,0.00,0.00,0.00,0.00,0.00,0.00,0.00,0.00,0.00,0.00,0.00,8.00,8.00,0.00,15.54,15.54,0.00,8.12,8.12,0.00,0.00,0.00,0.00,0.00,0.00,0.00
155746,PARKVIEW HAVEN,FRANCESVILLE,IN,Pulaski,131,2020Q2,20200415,40,12.00,12.00,0.00,0.00,0.00,0.00,0.00,0.00,0.00,0.00,0.00,0.00,0.00,0.00,0.00,0.00,0.00,0.00,0.00,0.00,0.00,0.00,0.00,0.00,3.12,3.12,0.00,0.00,0.00,0.00,3.35,0.00,3.35,0.00,0.00,0.00,0.00,0.00,0.00,2.53,0.00,2.53,0.00,0.00,0.00,0.00,0.00,0.00,0.00,0.00,0.00,1.55,0.00,1.55,0.00,0.00,0.00,8.00,8.00,0.00,15.31,15.31,0.00,7.82,7.82,0.00,0.00,0.00,0.00,0.00,0.00,0.00
155746,PARKVIEW HAVEN,FRANCESVILLE,IN,Pulaski,131,2020Q2,20200416,40,12.00,12.00,0.00,0.00,0.00,0.00,0.00,0.00,0.00,0.00,0.00,0.00,0.00,0.00,0.00,0.00,0.00,0.00,2.00,0.00,2.00,0.00,0.00,0.00,0.00,0.00,0.00,0.00,0.00,0.00,3.83,0.00,3.83,0.00,0.00,0.00,0.77,0.00,0.77,3.10,0.00,3.10,0.00,0.00,0.00,0.00,0.00,0.00,0.00,0.00,0.00,0.00,0.00,0.00,0.00,0.00,0.00,8.00,8.00,0.00,15.88,15.88,0.00,0.00,0.00,0.00,0.00,0.00,0.00,0.00,0.00,0.00
155746,PARKVIEW HAVEN,FRANCESVILLE,IN,Pulaski,131,2020Q2,20200417,40,12.00,12.00,0.00,0.00,0.00,0.00,0.00,0.00,0.00,0.00,0.00,0.00,0.00,0.00,0.00,0.00,0.00,0.00,0.00,0.00,0.00,0.00,0.00,0.00,3.50,3.50,0.00,0.00,0.00,0.00,3.07,0.00,3.07,0.00,0.00,0.00,0.00,0.00,0.00,2.38,0.00,2.38,0.00,0.00,0.00,0.00,0.00,0.00,0.00,0.00,0.00,0.00,0.00,0.00,0.00,0.00,0.00,8.00,8.00,0.00,15.69,15.69,0.00,0.00,0.00,0.00,0.00,0.00,0.00,0.00,0.00,0.00
155746,PARKVIEW HAVEN,FRANCESVILLE,IN,Pulaski,131,2020Q2,20200418,40,0.00,0.00,0.00,0.00,0.00,0.00,0.00,0.00,0.00,0.00,0.00,0.00,0.00,0.00,0.00,0.00,0.00,0.00,3.00,0.00,3.00,0.00,0.00,0.00,0.00,0.00,0.00,0.00,0.00,0.00,0.00,0.00,0.00,0.00,0.00,0.00,0.00,0.00,0.00,0.00,0.00,0.00,0.00,0.00,0.00,0.00,0.00,0.00,0.00,0.00,0.00,0.00,0.00,0.00,0.00,0.00,0.00,0.00,0.00,0.00,7.65,7.65,0.00,0.00,0.00,0.00,0.00,0.00,0.00,0.00,0.00,0.00
155746,PARKVIEW HAVEN,FRANCESVILLE,IN,Pulaski,131,2020Q2,20200419,40,0.00,0.00,0.00,0.00,0.00,0.00,0.00,0.00,0.00,0.00,0.00,0.00,0.00,0.00,0.00,0.00,0.00,0.00,0.00,0.00,0.00,0.00,0.00,0.00,0.00,0.00,0.00,0.00,0.00,0.00,0.00,0.00,0.00,0.00,0.00,0.00,0.00,0.00,0.00,0.00,0.00,0.00,0.00,0.00,0.00,0.00,0.00,0.00,0.00,0.00,0.00,0.00,0.00,0.00,0.00,0.00,0.00,0.00,0.00,0.00,4.27,4.27,0.00,0.00,0.00,0.00,0.00,0.00,0.00,0.00,0.00,0.00
155746,PARKVIEW HAVEN,FRANCESVILLE,IN,Pulaski,131,2020Q2,20200420,40,12.00,12.00,0.00,0.00,0.00,0.00,0.00,0.00,0.00,0.00,0.00,0.00,0.00,0.00,0.00,0.00,0.00,0.00,0.00,0.00,0.00,0.00,0.00,0.00,0.00,0.00,0.00,0.00,0.00,0.00,2.68,0.00,2.68,0.00,0.00,0.00,0.00,0.00,0.00,1.75,0.00,1.75,0.00,0.00,0.00,0.00,0.00,0.00,0.00,0.00,0.00,0.00,0.00,0.00,0.00,0.00,0.00,8.00,8.00,0.00,15.51,15.51,0.00,8.33,8.33,0.00,0.00,0.00,0.00,0.00,0.00,0.00
155746,PARKVIEW HAVEN,FRANCESVILLE,IN,Pulaski,131,2020Q2,20200421,40,12.00,12.00,0.00,0.00,0.00,0.00,0.00,0.00,0.00,0.00,0.00,0.00,0.00,0.00,0.00,0.00,0.00,0.00,0.00,0.00,0.00,0.00,0.00,0.00,3.75,3.75,0.00,0.00,0.00,0.00,2.28,0.00,2.28,0.00,0.00,0.00,1.00,0.00,1.00,3.27,0.00,3.27,0.00,0.00,0.00,0.00,0.00,0.00,0.00,0.00,0.00,0.63,0.00,0.63,0.00,0.00,0.00,8.00,8.00,0.00,23.85,23.85,0.00,8.82,8.82,0.00,0.00,0.00,0.00,0.00,0.00,0.00
155746,PARKVIEW HAVEN,FRANCESVILLE,IN,Pulaski,131,2020Q2,20200422,40,8.00,8.00,0.00,0.00,0.00,0.00,0.00,0.00,0.00,0.00,0.00,0.00,0.00,0.00,0.00,0.00,0.00,0.00,0.00,0.00,0.00,0.00,0.00,0.00,0.00,0.00,0.00,0.00,0.00,0.00,2.37,0.00,2.37,0.00,0.00,0.00,0.00,0.00,0.00,4.05,0.00,4.05,0.00,0.00,0.00,0.00,0.00,0.00,0.00,0.00,0.00,0.00,0.00,0.00,0.00,0.00,0.00,0.00,0.00,0.00,19.83,19.83,0.00,6.88,6.88,0.00,0.00,0.00,0.00,0.00,0.00,0.00
155746,PARKVIEW HAVEN,FRANCESVILLE,IN,Pulaski,131,2020Q2,20200423,40,12.00,12.00,0.00,0.00,0.00,0.00,0.00,0.00,0.00,0.00,0.00,0.00,0.00,0.00,0.00,0.00,0.00,0.00,0.00,0.00,0.00,0.00,0.00,0.00,0.75,0.75,0.00,0.00,0.00,0.00,2.60,0.00,2.60,0.00,0.00,0.00,0.00,0.00,0.00,3.78,0.00,3.78,0.00,0.00,0.00,0.00,0.00,0.00,0.00,0.00,0.00,0.00,0.00,0.00,0.00,0.00,0.00,8.00,8.00,0.00,20.15,20.15,0.00,8.26,8.26,0.00,0.00,0.00,0.00,0.00,0.00,0.00
155746,PARKVIEW HAVEN,FRANCESVILLE,IN,Pulaski,131,2020Q2,20200424,40,12.00,12.00,0.00,0.00,0.00,0.00,0.00,0.00,0.00,0.00,0.00,0.00,0.00,0.00,0.00,0.00,0.00,0.00,0.00,0.00,0.00,0.00,0.00,0.00,0.00,0.00,0.00,0.00,0.00,0.00,2.43,0.00,2.43,0.00,0.00,0.00,0.00,0.00,0.00,1.92,0.00,1.92,0.00,0.00,0.00,0.00,0.00,0.00,0.00,0.00,0.00,0.00,0.00,0.00,0.00,0.00,0.00,8.00,8.00,0.00,15.72,15.72,0.00,8.00,8.00,0.00,0.00,0.00,0.00,0.00,0.00,0.00
155746,PARKVIEW HAVEN,FRANCESVILLE,IN,Pulaski,131,2020Q2,20200425,40,0.00,0.00,0.00,0.00,0.00,0.00,0.00,0.00,0.00,0.00,0.00,0.00,0.00,0.00,0.00,0.00,0.00,0.00,0.00,0.00,0.00,0.00,0.00,0.00,3.37,3.37,0.00,0.00,0.00,0.00,0.00,0.00,0.00,0.00,0.00,0.00,0.00,0.00,0.00,0.00,0.00,0.00,0.00,0.00,0.00,0.00,0.00,0.00,0.00,0.00,0.00,0.00,0.00,0.00,0.00,0.00,0.00,0.00,0.00,0.00,7.88,7.88,0.00,0.00,0.00,0.00,0.00,0.00,0.00,0.00,0.00,0.00
155746,PARKVIEW HAVEN,FRANCESVILLE,IN,Pulaski,131,2020Q2,20200426,40,0.00,0.00,0.00,0.00,0.00,0.00,0.00,0.00,0.00,0.00,0.00,0.00,0.00,0.00,0.00,0.00,0.00,0.00,0.00,0.00,0.00,0.00,0.00,0.00,3.53,3.53,0.00,0.00,0.00,0.00,0.00,0.00,0.00,0.00,0.00,0.00,0.00,0.00,0.00,0.00,0.00,0.00,0.00,0.00,0.00,0.00,0.00,0.00,0.00,0.00,0.00,0.00,0.00,0.00,0.00,0.00,0.00,0.00,0.00,0.00,5.53,5.53,0.00,0.00,0.00,0.00,0.00,0.00,0.00,0.00,0.00,0.00
155746,PARKVIEW HAVEN,FRANCESVILLE,IN,Pulaski,131,2020Q2,20200427,40,12.00,12.00,0.00,0.00,0.00,0.00,0.00,0.00,0.00,0.00,0.00,0.00,0.00,0.00,0.00,0.00,0.00,0.00,0.00,0.00,0.00,0.00,0.00,0.00,0.00,0.00,0.00,0.00,0.00,0.00,1.55,0.00,1.55,0.00,0.00,0.00,0.00,0.00,0.00,4.28,0.00,4.28,0.00,0.00,0.00,0.00,0.00,0.00,0.00,0.00,0.00,0.00,0.00,0.00,0.00,0.00,0.00,8.00,8.00,0.00,15.45,15.45,0.00,8.40,8.40,0.00,0.00,0.00,0.00,0.00,0.00,0.00
155746,PARKVIEW HAVEN,FRANCESVILLE,IN,Pulaski,131,2020Q2,20200428,40,12.00,12.00,0.00,0.00,0.00,0.00,0.00,0.00,0.00,0.00,0.00,0.00,0.00,0.00,0.00,0.00,0.00,0.00,0.00,0.00,0.00,2.50,0.00,2.50,0.00,0.00,0.00,0.00,0.00,0.00,1.95,0.00,1.95,0.00,0.00,0.00,3.58,0.00,3.58,3.50,0.00,3.50,0.00,0.00,0.00,0.00,0.00,0.00,0.00,0.00,0.00,0.00,0.00,0.00,0.00,0.00,0.00,8.00,8.00,0.00,16.28,16.28,0.00,7.31,7.31,0.00,0.00,0.00,0.00,0.00,0.00,0.00
155746,PARKVIEW HAVEN,FRANCESVILLE,IN,Pulaski,131,2020Q2,20200429,40,12.00,12.00,0.00,8.00,0.00,8.00,0.00,0.00,0.00,0.00,0.00,0.00,0.00,0.00,0.00,0.00,0.00,0.00,0.00,0.00,0.00,0.00,0.00,0.00,0.00,0.00,0.00,0.00,0.00,0.00,1.43,0.00,1.43,0.00,0.00,0.00,0.00,0.00,0.00,4.00,0.00,4.00,0.00,0.00,0.00,0.00,0.00,0.00,0.00,0.00,0.00,0.00,0.00,0.00,0.00,0.00,0.00,8.00,8.00,0.00,23.09,23.09,0.00,8.11,8.11,0.00,0.00,0.00,0.00,0.00,0.00,0.00
155746,PARKVIEW HAVEN,FRANCESVILLE,IN,Pulaski,131,2020Q2,20200430,40,12.00,12.00,0.00,0.00,0.00,0.00,0.00,0.00,0.00,0.00,0.00,0.00,0.00,0.00,0.00,0.00,0.00,0.00,0.00,0.00,0.00,0.00,0.00,0.00,0.00,0.00,0.00,1.75,0.00,1.75,3.67,0.00,3.67,0.00,0.00,0.00,0.00,0.00,0.00,3.58,0.00,3.58,0.00,0.00,0.00,0.00,0.00,0.00,0.00,0.00,0.00,0.00,0.00,0.00,0.00,0.00,0.00,8.00,8.00,0.00,20.20,20.20,0.00,8.37,8.37,0.00,0.00,0.00,0.00,0.00,0.00,0.00
155746,PARKVIEW HAVEN,FRANCESVILLE,IN,Pulaski,131,2020Q2,20200501,40,12.00,12.00,0.00,0.00,0.00,0.00,0.00,0.00,0.00,0.00,0.00,0.00,0.00,0.00,0.00,0.00,0.00,0.00,0.00,0.00,0.00,0.00,0.00,0.00,0.00,0.00,0.00,0.00,0.00,0.00,3.27,0.00,3.27,0.00,0.00,0.00,0.00,0.00,0.00,2.12,0.00,2.12,0.00,0.00,0.00,0.00,0.00,0.00,0.00,0.00,0.00,0.00,0.00,0.00,0.00,0.00,0.00,8.00,8.00,0.00,16.63,16.63,0.00,0.00,0.00,0.00,0.00,0.00,0.00,0.00,0.00,0.00
155746,PARKVIEW HAVEN,FRANCESVILLE,IN,Pulaski,131,2020Q2,20200502,40,0.00,0.00,0.00,0.00,0.00,0.00,0.00,0.00,0.00,0.00,0.00,0.00,0.00,0.00,0.00,0.00,0.00,0.00,0.00,0.00,0.00,0.00,0.00,0.00,0.00,0.00,0.00,0.00,0.00,0.00,0.00,0.00,0.00,0.00,0.00,0.00,0.00,0.00,0.00,0.00,0.00,0.00,0.00,0.00,0.00,0.00,0.00,0.00,0.00,0.00,0.00,0.00,0.00,0.00,0.00,0.00,0.00,0.00,0.00,0.00,7.50,7.50,0.00,0.00,0.00,0.00,0.00,0.00,0.00,0.00,0.00,0.00
155746,PARKVIEW HAVEN,FRANCESVILLE,IN,Pulaski,131,2020Q2,20200503,39,0.00,0.00,0.00,0.00,0.00,0.00,0.00,0.00,0.00,0.00,0.00,0.00,0.00,0.00,0.00,0.00,0.00,0.00,0.00,0.00,0.00,0.00,0.00,0.00,0.00,0.00,0.00,0.00,0.00,0.00,0.00,0.00,0.00,0.00,0.00,0.00,0.00,0.00,0.00,0.00,0.00,0.00,0.00,0.00,0.00,0.00,0.00,0.00,0.00,0.00,0.00,0.00,0.00,0.00,0.00,0.00,0.00,0.00,0.00,0.00,4.52,4.52,0.00,0.00,0.00,0.00,0.00,0.00,0.00,0.00,0.00,0.00
155746,PARKVIEW HAVEN,FRANCESVILLE,IN,Pulaski,131,2020Q2,20200504,39,12.00,12.00,0.00,0.00,0.00,0.00,0.00,0.00,0.00,0.00,0.00,0.00,0.00,0.00,0.00,0.00,0.00,0.00,0.00,0.00,0.00,0.00,0.00,0.00,0.00,0.00,0.00,0.00,0.00,0.00,3.20,0.00,3.20,0.00,0.00,0.00,0.00,0.00,0.00,4.00,0.00,4.00,0.00,0.00,0.00,0.00,0.00,0.00,0.00,0.00,0.00,0.00,0.00,0.00,0.00,0.00,0.00,8.00,8.00,0.00,15.62,15.62,0.00,8.25,8.25,0.00,0.00,0.00,0.00,0.00,0.00,0.00
155746,PARKVIEW HAVEN,FRANCESVILLE,IN,Pulaski,131,2020Q2,20200505,39,8.00,8.00,0.00,0.00,0.00,0.00,0.00,0.00,0.00,0.00,0.00,0.00,0.00,0.00,0.00,0.00,0.00,0.00,0.25,0.00,0.25,0.00,0.00,0.00,3.57,3.57,0.00,0.00,0.00,0.00,3.57,0.00,3.57,0.00,0.00,0.00,0.00,0.00,0.00,4.10,0.00,4.10,0.00,0.00,0.00,0.00,0.00,0.00,0.00,0.00,0.00,0.00,0.00,0.00,0.00,0.00,0.00,8.00,8.00,0.00,20.45,20.45,0.00,8.43,8.43,0.00,0.00,0.00,0.00,0.00,0.00,0.00
155746,PARKVIEW HAVEN,FRANCESVILLE,IN,Pulaski,131,2020Q2,20200506,39,12.00,12.00,0.00,0.00,0.00,0.00,0.00,0.00,0.00,0.00,0.00,0.00,0.00,0.00,0.00,0.00,0.00,0.00,0.00,0.00,0.00,0.00,0.00,0.00,0.00,0.00,0.00,0.00,0.00,0.00,2.42,0.00,2.42,0.00,0.00,0.00,0.00,0.00,0.00,2.23,0.00,2.23,0.00,0.00,0.00,0.00,0.00,0.00,0.00,0.00,0.00,0.00,0.00,0.00,0.00,0.00,0.00,8.00,8.00,0.00,23.59,23.59,0.00,7.94,7.94,0.00,0.00,0.00,0.00,0.00,0.00,0.00
155746,PARKVIEW HAVEN,FRANCESVILLE,IN,Pulaski,131,2020Q2,20200507,39,12.00,12.00,0.00,0.00,0.00,0.00,0.00,0.00,0.00,0.00,0.00,0.00,0.00,0.00,0.00,0.00,0.00,0.00,0.00,0.00,0.00,0.00,0.00,0.00,0.00,0.00,0.00,2.00,0.00,2.00,3.35,0.00,3.35,0.00,0.00,0.00,2.03,0.00,2.03,4.33,0.00,4.33,0.00,0.00,0.00,0.00,0.00,0.00,0.00,0.00,0.00,0.00,0.00,0.00,0.00,0.00,0.00,8.00,8.00,0.00,15.60,15.60,0.00,16.26,7.76,8.50,0.00,0.00,0.00,0.00,0.00,0.00
155746,PARKVIEW HAVEN,FRANCESVILLE,IN,Pulaski,131,2020Q2,20200508,39,12.00,12.00,0.00,0.00,0.00,0.00,0.00,0.00,0.00,0.00,0.00,0.00,0.00,0.00,0.00,0.00,0.00,0.00,0.00,0.00,0.00,0.00,0.00,0.00,0.00,0.00,0.00,0.00,0.00,0.00,3.10,0.00,3.10,0.00,0.00,0.00,0.00,0.00,0.00,2.42,0.00,2.42,0.00,0.00,0.00,0.00,0.00,0.00,0.00,0.00,0.00,0.00,0.00,0.00,0.00,0.00,0.00,8.00,8.00,0.00,15.95,15.95,0.00,8.09,8.09,0.00,0.00,0.00,0.00,0.00,0.00,0.00
155746,PARKVIEW HAVEN,FRANCESVILLE,IN,Pulaski,131,2020Q2,20200509,39,0.00,0.00,0.00,0.00,0.00,0.00,0.00,0.00,0.00,0.00,0.00,0.00,0.00,0.00,0.00,0.00,0.00,0.00,0.00,0.00,0.00,0.00,0.00,0.00,3.50,3.50,0.00,0.00,0.00,0.00,0.00,0.00,0.00,0.00,0.00,0.00,0.00,0.00,0.00,0.00,0.00,0.00,0.00,0.00,0.00,0.00,0.00,0.00,0.00,0.00,0.00,0.00,0.00,0.00,0.00,0.00,0.00,0.00,0.00,0.00,7.61,7.61,0.00,5.68,5.68,0.00,0.00,0.00,0.00,0.00,0.00,0.00
155746,PARKVIEW HAVEN,FRANCESVILLE,IN,Pulaski,131,2020Q2,20200510,39,0.00,0.00,0.00,0.00,0.00,0.00,0.00,0.00,0.00,0.00,0.00,0.00,0.00,0.00,0.00,0.00,0.00,0.00,0.00,0.00,0.00,0.00,0.00,0.00,3.75,3.75,0.00,0.00,0.00,0.00,0.00,0.00,0.00,0.00,0.00,0.00,0.00,0.00,0.00,0.00,0.00,0.00,0.00,0.00,0.00,0.00,0.00,0.00,0.00,0.00,0.00,0.00,0.00,0.00,0.00,0.00,0.00,0.00,0.00,0.00,4.32,4.32,0.00,6.02,6.02,0.00,0.00,0.00,0.00,0.00,0.00,0.00
155746,PARKVIEW HAVEN,FRANCESVILLE,IN,Pulaski,131,2020Q2,20200511,39,12.00,12.00,0.00,0.00,0.00,0.00,0.00,0.00,0.00,0.00,0.00,0.00,0.00,0.00,0.00,0.00,0.00,0.00,0.00,0.00,0.00,0.00,0.00,0.00,0.00,0.00,0.00,0.00,0.00,0.00,4.88,0.00,4.88,0.00,0.00,0.00,0.00,0.00,0.00,5.02,0.00,5.02,0.00,0.00,0.00,0.00,0.00,0.00,0.00,0.00,0.00,0.00,0.00,0.00,0.00,0.00,0.00,8.00,8.00,0.00,15.51,15.51,0.00,8.28,8.28,0.00,0.00,0.00,0.00,0.00,0.00,0.00
155746,PARKVIEW HAVEN,FRANCESVILLE,IN,Pulaski,131,2020Q2,20200512,39,12.00,12.00,0.00,0.00,0.00,0.00,0.00,0.00,0.00,0.00,0.00,0.00,0.00,0.00,0.00,0.00,0.00,0.00,0.00,0.00,0.00,4.00,0.00,4.00,3.60,3.60,0.00,1.00,0.00,1.00,5.35,0.00,5.35,0.00,0.00,0.00,2.68,0.00,2.68,4.33,0.00,4.33,0.00,0.00,0.00,0.00,0.00,0.00,0.00,0.00,0.00,0.00,0.00,0.00,0.00,0.00,0.00,8.00,8.00,0.00,21.00,21.00,0.00,8.05,8.05,0.00,0.00,0.00,0.00,0.00,0.00,0.00
155746,PARKVIEW HAVEN,FRANCESVILLE,IN,Pulaski,131,2020Q2,20200513,39,12.00,12.00,0.00,0.00,0.00,0.00,0.00,0.00,0.00,0.00,0.00,0.00,0.00,0.00,0.00,0.00,0.00,0.00,0.00,0.00,0.00,0.00,0.00,0.00,0.00,0.00,0.00,0.00,0.00,0.00,5.18,0.00,5.18,0.00,0.00,0.00,0.00,0.00,0.00,3.70,0.00,3.70,0.00,0.00,0.00,0.00,0.00,0.00,0.00,0.00,0.00,0.00,0.00,0.00,0.00,0.00,0.00,8.00,8.00,0.00,15.63,15.63,0.00,7.56,7.56,0.00,0.00,0.00,0.00,0.00,0.00,0.00
155746,PARKVIEW HAVEN,FRANCESVILLE,IN,Pulaski,131,2020Q2,20200514,38,12.00,12.00,0.00,0.00,0.00,0.00,0.00,0.00,0.00,0.00,0.00,0.00,0.00,0.00,0.00,0.00,0.00,0.00,0.00,0.00,0.00,0.00,0.00,0.00,0.33,0.33,0.00,0.00,0.00,0.00,3.40,0.00,3.40,0.00,0.00,0.00,1.18,0.00,1.18,4.17,0.00,4.17,0.00,0.00,0.00,0.00,0.00,0.00,0.00,0.00,0.00,0.00,0.00,0.00,0.00,0.00,0.00,8.00,8.00,0.00,15.55,15.55,0.00,8.13,8.13,0.00,0.00,0.00,0.00,0.00,0.00,0.00
155746,PARKVIEW HAVEN,FRANCESVILLE,IN,Pulaski,131,2020Q2,20200515,38,12.00,12.00,0.00,0.00,0.00,0.00,0.00,0.00,0.00,0.00,0.00,0.00,0.00,0.00,0.00,0.00,0.00,0.00,0.00,0.00,0.00,0.00,0.00,0.00,0.00,0.00,0.00,0.00,0.00,0.00,0.00,0.00,0.00,0.00,0.00,0.00,0.00,0.00,0.00,3.50,0.00,3.50,0.00,0.00,0.00,0.00,0.00,0.00,0.00,0.00,0.00,0.00,0.00,0.00,0.00,0.00,0.00,8.00,8.00,0.00,16.00,16.00,0.00,7.85,7.85,0.00,0.00,0.00,0.00,0.00,0.00,0.00
155746,PARKVIEW HAVEN,FRANCESVILLE,IN,Pulaski,131,2020Q2,20200516,38,0.00,0.00,0.00,0.00,0.00,0.00,0.00,0.00,0.00,0.00,0.00,0.00,0.00,0.00,0.00,0.00,0.00,0.00,0.00,0.00,0.00,0.00,0.00,0.00,0.00,0.00,0.00,0.00,0.00,0.00,0.00,0.00,0.00,0.00,0.00,0.00,0.00,0.00,0.00,0.00,0.00,0.00,0.00,0.00,0.00,0.00,0.00,0.00,0.00,0.00,0.00,0.00,0.00,0.00,0.00,0.00,0.00,0.00,0.00,0.00,7.88,7.88,0.00,0.00,0.00,0.00,0.00,0.00,0.00,0.00,0.00,0.00
155746,PARKVIEW HAVEN,FRANCESVILLE,IN,Pulaski,131,2020Q2,20200517,38,0.00,0.00,0.00,0.00,0.00,0.00,0.00,0.00,0.00,0.00,0.00,0.00,0.00,0.00,0.00,0.00,0.00,0.00,2.75,0.00,2.75,0.00,0.00,0.00,0.00,0.00,0.00,0.00,0.00,0.00,0.00,0.00,0.00,0.00,0.00,0.00,0.00,0.00,0.00,0.00,0.00,0.00,0.00,0.00,0.00,0.00,0.00,0.00,0.00,0.00,0.00,0.00,0.00,0.00,0.00,0.00,0.00,0.00,0.00,0.00,3.92,3.92,0.00,0.00,0.00,0.00,0.00,0.00,0.00,0.00,0.00,0.00
155746,PARKVIEW HAVEN,FRANCESVILLE,IN,Pulaski,131,2020Q2,20200518,38,12.00,12.00,0.00,0.00,0.00,0.00,0.00,0.00,0.00,0.00,0.00,0.00,0.00,0.00,0.00,0.00,0.00,0.00,2.50,0.00,2.50,0.00,0.00,0.00,0.00,0.00,0.00,0.00,0.00,0.00,4.78,0.00,4.78,0.00,0.00,0.00,0.00,0.00,0.00,4.73,0.00,4.73,0.00,0.00,0.00,0.00,0.00,0.00,0.00,0.00,0.00,0.32,0.00,0.32,0.00,0.00,0.00,8.00,8.00,0.00,15.39,15.39,0.00,8.67,8.67,0.00,0.00,0.00,0.00,0.00,0.00,0.00
155746,PARKVIEW HAVEN,FRANCESVILLE,IN,Pulaski,131,2020Q2,20200519,38,12.00,12.00,0.00,0.00,0.00,0.00,0.00,0.00,0.00,0.00,0.00,0.00,0.00,0.00,0.00,0.00,0.00,0.00,0.00,0.00,0.00,0.00,0.00,0.00,0.00,0.00,0.00,1.50,0.00,1.50,4.12,0.00,4.12,0.00,0.00,0.00,0.50,0.00,0.50,4.77,0.00,4.77,0.00,0.00,0.00,0.00,0.00,0.00,0.00,0.00,0.00,0.00,0.00,0.00,0.00,0.00,0.00,8.00,8.00,0.00,15.26,15.26,0.00,7.85,7.85,0.00,0.00,0.00,0.00,0.00,0.00,0.00
155746,PARKVIEW HAVEN,FRANCESVILLE,IN,Pulaski,131,2020Q2,20200520,38,12.00,12.00,0.00,0.00,0.00,0.00,0.00,0.00,0.00,0.00,0.00,0.00,0.00,0.00,0.00,0.00,0.00,0.00,0.00,0.00,0.00,0.00,0.00,0.00,0.00,0.00,0.00,0.25,0.00,0.25,4.82,0.00,4.82,0.00,0.00,0.00,0.00,0.00,0.00,4.13,0.00,4.13,0.00,0.00,0.00,0.00,0.00,0.00,0.00,0.00,0.00,0.17,0.00,0.17,0.00,0.00,0.00,8.00,8.00,0.00,16.80,16.80,0.00,0.00,0.00,0.00,0.00,0.00,0.00,0.00,0.00,0.00
155746,PARKVIEW HAVEN,FRANCESVILLE,IN,Pulaski,131,2020Q2,20200521,38,12.00,12.00,0.00,0.00,0.00,0.00,0.00,0.00,0.00,0.00,0.00,0.00,0.00,0.00,0.00,0.00,0.00,0.00,0.00,0.00,0.00,0.00,0.00,0.00,3.60,3.60,0.00,0.00,0.00,0.00,2.45,0.00,2.45,0.00,0.00,0.00,0.00,0.00,0.00,3.80,0.00,3.80,0.00,0.00,0.00,0.00,0.00,0.00,0.00,0.00,0.00,0.00,0.00,0.00,0.00,0.00,0.00,8.00,8.00,0.00,16.41,16.41,0.00,0.00,0.00,0.00,0.00,0.00,0.00,0.00,0.00,0.00
155746,PARKVIEW HAVEN,FRANCESVILLE,IN,Pulaski,131,2020Q2,20200522,37,4.00,4.00,0.00,0.00,0.00,0.00,0.00,0.00,0.00,0.00,0.00,0.00,0.00,0.00,0.00,0.00,0.00,0.00,0.00,0.00,0.00,0.00,0.00,0.00,3.65,3.65,0.00,0.00,0.00,0.00,0.00,0.00,0.00,0.00,0.00,0.00,0.00,0.00,0.00,2.13,0.00,2.13,0.00,0.00,0.00,0.00,0.00,0.00,0.00,0.00,0.00,0.00,0.00,0.00,0.00,0.00,0.00,8.00,8.00,0.00,17.43,17.43,0.00,0.00,0.00,0.00,0.00,0.00,0.00,0.00,0.00,0.00
155746,PARKVIEW HAVEN,FRANCESVILLE,IN,Pulaski,131,2020Q2,20200523,37,0.00,0.00,0.00,0.00,0.00,0.00,0.00,0.00,0.00,0.00,0.00,0.00,0.00,0.00,0.00,0.00,0.00,0.00,0.00,0.00,0.00,0.00,0.00,0.00,3.78,3.78,0.00,0.00,0.00,0.00,0.00,0.00,0.00,0.00,0.00,0.00,0.00,0.00,0.00,0.00,0.00,0.00,0.00,0.00,0.00,0.00,0.00,0.00,0.00,0.00,0.00,0.00,0.00,0.00,0.00,0.00,0.00,0.00,0.00,0.00,7.49,7.49,0.00,0.00,0.00,0.00,0.00,0.00,0.00,0.00,0.00,0.00
155746,PARKVIEW HAVEN,FRANCESVILLE,IN,Pulaski,131,2020Q2,20200524,38,0.00,0.00,0.00,0.00,0.00,0.00,0.00,0.00,0.00,0.00,0.00,0.00,0.00,0.00,0.00,0.00,0.00,0.00,0.00,0.00,0.00,0.00,0.00,0.00,3.55,3.55,0.00,0.00,0.00,0.00,0.00,0.00,0.00,0.00,0.00,0.00,0.00,0.00,0.00,0.00,0.00,0.00,0.00,0.00,0.00,0.00,0.00,0.00,0.00,0.00,0.00,0.00,0.00,0.00,0.00,0.00,0.00,0.00,0.00,0.00,4.03,4.03,0.00,0.00,0.00,0.00,0.00,0.00,0.00,0.00,0.00,0.00
155746,PARKVIEW HAVEN,FRANCESVILLE,IN,Pulaski,131,2020Q2,20200525,38,0.00,0.00,0.00,0.00,0.00,0.00,0.00,0.00,0.00,0.00,0.00,0.00,0.00,0.00,0.00,0.00,0.00,0.00,0.00,0.00,0.00,0.00,0.00,0.00,4.00,4.00,0.00,0.00,0.00,0.00,0.00,0.00,0.00,0.00,0.00,0.00,0.00,0.00,0.00,0.65,0.00,0.65,0.00,0.00,0.00,0.00,0.00,0.00,0.00,0.00,0.00,0.07,0.00,0.07,0.00,0.00,0.00,0.00,0.00,0.00,8.08,8.08,0.00,0.00,0.00,0.00,0.00,0.00,0.00,0.00,0.00,0.00
155746,PARKVIEW HAVEN,FRANCESVILLE,IN,Pulaski,131,2020Q2,20200526,38,12.00,12.00,0.00,0.00,0.00,0.00,0.00,0.00,0.00,0.00,0.00,0.00,0.00,0.00,0.00,0.00,0.00,0.00,0.00,0.00,0.00,2.00,0.00,2.00,0.00,0.00,0.00,0.00,0.00,0.00,5.87,0.00,5.87,0.00,0.00,0.00,0.78,0.00,0.78,4.85,0.00,4.85,0.00,0.00,0.00,0.00,0.00,0.00,0.00,0.00,0.00,0.00,0.00,0.00,0.00,0.00,0.00,8.00,8.00,0.00,19.91,19.91,0.00,8.10,8.10,0.00,0.00,0.00,0.00,0.00,0.00,0.00
155746,PARKVIEW HAVEN,FRANCESVILLE,IN,Pulaski,131,2020Q2,20200527,38,12.00,12.00,0.00,8.00,0.00,8.00,0.00,0.00,0.00,0.00,0.00,0.00,0.00,0.00,0.00,0.00,0.00,0.00,0.00,0.00,0.00,0.00,0.00,0.00,0.00,0.00,0.00,0.25,0.00,0.25,5.02,0.00,5.02,0.00,0.00,0.00,0.00,0.00,0.00,4.23,0.00,4.23,0.00,0.00,0.00,0.00,0.00,0.00,0.00,0.00,0.00,0.10,0.00,0.10,0.00,0.00,0.00,8.00,8.00,0.00,23.30,23.30,0.00,8.20,8.20,0.00,0.00,0.00,0.00,0.00,0.00,0.00
155746,PARKVIEW HAVEN,FRANCESVILLE,IN,Pulaski,131,2020Q2,20200528,38,12.00,12.00,0.00,0.00,0.00,0.00,0.00,0.00,0.00,0.00,0.00,0.00,0.00,0.00,0.00,0.00,0.00,0.00,0.00,0.00,0.00,0.00,0.00,0.00,0.00,0.00,0.00,0.00,0.00,0.00,5.95,0.00,5.95,0.00,0.00,0.00,0.00,0.00,0.00,3.57,0.00,3.57,0.00,0.00,0.00,0.00,0.00,0.00,0.00,0.00,0.00,0.00,0.00,0.00,0.00,0.00,0.00,8.00,8.00,0.00,15.53,15.53,0.00,8.19,8.19,0.00,0.00,0.00,0.00,0.00,0.00,0.00
155746,PARKVIEW HAVEN,FRANCESVILLE,IN,Pulaski,131,2020Q2,20200529,37,12.00,12.00,0.00,0.00,0.00,0.00,0.00,0.00,0.00,0.00,0.00,0.00,0.00,0.00,0.00,0.00,0.00,0.00,0.00,0.00,0.00,0.00,0.00,0.00,0.00,0.00,0.00,0.00,0.00,0.00,0.00,0.00,0.00,0.00,0.00,0.00,0.27,0.00,0.27,2.05,0.00,2.05,0.00,0.00,0.00,0.00,0.00,0.00,0.00,0.00,0.00,0.00,0.00,0.00,0.00,0.00,0.00,0.00,0.00,0.00,16.04,16.04,0.00,8.03,8.03,0.00,0.00,0.00,0.00,0.00,0.00,0.00
155746,PARKVIEW HAVEN,FRANCESVILLE,IN,Pulaski,131,2020Q2,20200530,37,0.00,0.00,0.00,0.00,0.00,0.00,0.00,0.00,0.00,0.00,0.00,0.00,0.00,0.00,0.00,0.00,0.00,0.00,0.00,0.00,0.00,0.00,0.00,0.00,0.00,0.00,0.00,0.00,0.00,0.00,0.00,0.00,0.00,0.00,0.00,0.00,0.00,0.00,0.00,0.00,0.00,0.00,0.00,0.00,0.00,0.00,0.00,0.00,0.00,0.00,0.00,0.00,0.00,0.00,0.00,0.00,0.00,0.00,0.00,0.00,6.53,6.53,0.00,0.00,0.00,0.00,0.00,0.00,0.00,0.00,0.00,0.00
155746,PARKVIEW HAVEN,FRANCESVILLE,IN,Pulaski,131,2020Q2,20200531,37,0.00,0.00,0.00,0.00,0.00,0.00,0.00,0.00,0.00,0.00,0.00,0.00,0.00,0.00,0.00,0.00,0.00,0.00,0.00,0.00,0.00,0.00,0.00,0.00,0.00,0.00,0.00,0.00,0.00,0.00,0.00,0.00,0.00,0.00,0.00,0.00,0.00,0.00,0.00,0.00,0.00,0.00,0.00,0.00,0.00,0.00,0.00,0.00,0.00,0.00,0.00,0.00,0.00,0.00,0.00,0.00,0.00,0.00,0.00,0.00,4.10,4.10,0.00,0.00,0.00,0.00,0.00,0.00,0.00,0.00,0.00,0.00
155746,PARKVIEW HAVEN,FRANCESVILLE,IN,Pulaski,131,2020Q2,20200601,37,12.00,12.00,0.00,0.00,0.00,0.00,0.00,0.00,0.00,0.00,0.00,0.00,0.00,0.00,0.00,0.00,0.00,0.00,0.00,0.00,0.00,0.00,0.00,0.00,3.60,3.60,0.00,0.00,0.00,0.00,3.40,0.00,3.40,0.00,0.00,0.00,0.00,0.00,0.00,3.85,0.00,3.85,0.00,0.00,0.00,0.00,0.00,0.00,0.00,0.00,0.00,0.12,0.00,0.12,0.00,0.00,0.00,8.00,8.00,0.00,15.01,15.01,0.00,7.89,7.89,0.00,0.00,0.00,0.00,0.00,0.00,0.00
155746,PARKVIEW HAVEN,FRANCESVILLE,IN,Pulaski,131,2020Q2,20200602,37,12.00,12.00,0.00,0.00,0.00,0.00,0.00,0.00,0.00,0.00,0.00,0.00,0.00,0.00,0.00,0.00,0.00,0.00,0.00,0.00,0.00,0.00,0.00,0.00,0.00,0.00,0.00,0.00,0.00,0.00,3.22,0.00,3.22,0.00,0.00,0.00,0.00,0.00,0.00,2.62,0.00,2.62,0.00,0.00,0.00,0.00,0.00,0.00,0.00,0.00,0.00,0.00,0.00,0.00,0.00,0.00,0.00,8.00,8.00,0.00,19.98,19.98,0.00,8.11,8.11,0.00,0.00,0.00,0.00,0.00,0.00,0.00
155746,PARKVIEW HAVEN,FRANCESVILLE,IN,Pulaski,131,2020Q2,20200603,38,12.00,12.00,0.00,0.00,0.00,0.00,0.00,0.00,0.00,0.00,0.00,0.00,0.00,0.00,0.00,0.00,0.00,0.00,0.00,0.00,0.00,0.00,0.00,0.00,0.00,0.00,0.00,0.00,0.00,0.00,2.43,0.00,2.43,0.00,0.00,0.00,0.00,0.00,0.00,4.03,0.00,4.03,0.00,0.00,0.00,0.00,0.00,0.00,0.00,0.00,0.00,0.10,0.00,0.10,0.00,0.00,0.00,8.00,8.00,0.00,22.94,22.94,0.00,8.15,8.15,0.00,0.00,0.00,0.00,0.00,0.00,0.00
155746,PARKVIEW HAVEN,FRANCESVILLE,IN,Pulaski,131,2020Q2,20200604,38,8.00,8.00,0.00,0.00,0.00,0.00,0.00,0.00,0.00,0.00,0.00,0.00,0.00,0.00,0.00,0.00,0.00,0.00,0.00,0.00,0.00,0.00,0.00,0.00,0.00,0.00,0.00,0.25,0.00,0.25,3.30,0.00,3.30,0.00,0.00,0.00,0.00,0.00,0.00,3.23,0.00,3.23,0.00,0.00,0.00,0.00,0.00,0.00,0.00,0.00,0.00,0.00,0.00,0.00,0.00,0.00,0.00,8.00,8.00,0.00,23.09,23.09,0.00,6.52,6.52,0.00,0.00,0.00,0.00,0.00,0.00,0.00
155746,PARKVIEW HAVEN,FRANCESVILLE,IN,Pulaski,131,2020Q2,20200605,38,12.00,12.00,0.00,0.00,0.00,0.00,0.00,0.00,0.00,0.00,0.00,0.00,0.00,0.00,0.00,0.00,0.00,0.00,2.25,0.00,2.25,0.00,0.00,0.00,0.00,0.00,0.00,0.00,0.00,0.00,0.00,0.00,0.00,0.00,0.00,0.00,0.00,0.00,0.00,2.65,0.00,2.65,0.00,0.00,0.00,0.00,0.00,0.00,0.00,0.00,0.00,0.00,0.00,0.00,0.00,0.00,0.00,8.00,8.00,0.00,15.89,15.89,0.00,9.18,9.18,0.00,0.00,0.00,0.00,0.00,0.00,0.00
155746,PARKVIEW HAVEN,FRANCESVILLE,IN,Pulaski,131,2020Q2,20200606,37,0.00,0.00,0.00,0.00,0.00,0.00,0.00,0.00,0.00,0.00,0.00,0.00,0.00,0.00,0.00,0.00,0.00,0.00,0.00,0.00,0.00,0.00,0.00,0.00,0.00,0.00,0.00,0.00,0.00,0.00,0.00,0.00,0.00,0.00,0.00,0.00,0.00,0.00,0.00,0.00,0.00,0.00,0.00,0.00,0.00,0.00,0.00,0.00,0.00,0.00,0.00,0.00,0.00,0.00,0.00,0.00,0.00,0.00,0.00,0.00,8.15,8.15,0.00,0.00,0.00,0.00,0.00,0.00,0.00,0.00,0.00,0.00
155746,PARKVIEW HAVEN,FRANCESVILLE,IN,Pulaski,131,2020Q2,20200607,37,0.00,0.00,0.00,0.00,0.00,0.00,0.00,0.00,0.00,0.00,0.00,0.00,0.00,0.00,0.00,0.00,0.00,0.00,0.00,0.00,0.00,0.00,0.00,0.00,0.00,0.00,0.00,0.00,0.00,0.00,0.00,0.00,0.00,0.00,0.00,0.00,0.00,0.00,0.00,0.00,0.00,0.00,0.00,0.00,0.00,0.00,0.00,0.00,0.00,0.00,0.00,0.00,0.00,0.00,0.00,0.00,0.00,0.00,0.00,0.00,3.97,3.97,0.00,0.00,0.00,0.00,0.00,0.00,0.00,0.00,0.00,0.00
155746,PARKVIEW HAVEN,FRANCESVILLE,IN,Pulaski,131,2020Q2,20200608,37,8.00,8.00,0.00,0.00,0.00,0.00,0.00,0.00,0.00,0.00,0.00,0.00,0.00,0.00,0.00,0.00,0.00,0.00,0.00,0.00,0.00,0.00,0.00,0.00,3.70,3.70,0.00,0.00,0.00,0.00,2.53,0.00,2.53,0.00,0.00,0.00,0.00,0.00,0.00,3.20,0.00,3.20,0.00,0.00,0.00,0.00,0.00,0.00,0.00,0.00,0.00,0.15,0.00,0.15,0.00,0.00,0.00,8.00,8.00,0.00,19.66,19.66,0.00,8.30,8.30,0.00,0.00,0.00,0.00,0.00,0.00,0.00
155746,PARKVIEW HAVEN,FRANCESVILLE,IN,Pulaski,131,2020Q2,20200609,36,8.00,8.00,0.00,0.00,0.00,0.00,0.00,0.00,0.00,0.00,0.00,0.00,0.00,0.00,0.00,0.00,0.00,0.00,0.00,0.00,0.00,4.00,0.00,4.00,0.00,0.00,0.00,0.50,0.00,0.50,2.70,0.00,2.70,0.00,0.00,0.00,1.93,0.00,1.93,3.83,0.00,3.83,0.00,0.00,0.00,0.00,0.00,0.00,0.00,0.00,0.00,0.00,0.00,0.00,0.00,0.00,0.00,8.00,8.00,0.00,19.72,19.72,0.00,8.23,8.23,0.00,0.00,0.00,0.00,0.00,0.00,0.00
155746,PARKVIEW HAVEN,FRANCESVILLE,IN,Pulaski,131,2020Q2,20200610,36,12.00,12.00,0.00,0.00,0.00,0.00,0.00,0.00,0.00,0.00,0.00,0.00,0.00,0.00,0.00,0.00,0.00,0.00,0.00,0.00,0.00,0.00,0.00,0.00,3.63,3.63,0.00,0.00,0.00,0.00,1.52,0.00,1.52,0.00,0.00,0.00,0.00,0.00,0.00,2.47,0.00,2.47,0.00,0.00,0.00,0.00,0.00,0.00,0.00,0.00,0.00,0.48,0.00,0.48,0.00,0.00,0.00,8.00,8.00,0.00,20.69,20.69,0.00,8.22,8.22,0.00,0.00,0.00,0.00,0.00,0.00,0.00
155746,PARKVIEW HAVEN,FRANCESVILLE,IN,Pulaski,131,2020Q2,20200611,36,12.00,12.00,0.00,0.00,0.00,0.00,0.00,0.00,0.00,0.00,0.00,0.00,0.00,0.00,0.00,0.00,0.00,0.00,0.00,0.00,0.00,0.00,0.00,0.00,0.00,0.00,0.00,1.00,0.00,1.00,3.73,0.00,3.73,0.00,0.00,0.00,1.58,0.00,1.58,2.42,0.00,2.42,0.00,0.00,0.00,0.00,0.00,0.00,0.00,0.00,0.00,0.00,0.00,0.00,0.00,0.00,0.00,8.00,8.00,0.00,22.36,22.36,0.00,8.55,8.55,0.00,0.00,0.00,0.00,0.00,0.00,0.00
155746,PARKVIEW HAVEN,FRANCESVILLE,IN,Pulaski,131,2020Q2,20200612,36,12.00,12.00,0.00,0.00,0.00,0.00,0.00,0.00,0.00,0.00,0.00,0.00,0.00,0.00,0.00,0.00,0.00,0.00,2.00,0.00,2.00,0.00,0.00,0.00,3.70,3.70,0.00,0.00,0.00,0.00,0.00,0.00,0.00,0.00,0.00,0.00,0.00,0.00,0.00,3.02,0.00,3.02,0.00,0.00,0.00,0.00,0.00,0.00,0.00,0.00,0.00,0.00,0.00,0.00,0.00,0.00,0.00,8.00,8.00,0.00,15.94,15.94,0.00,7.08,7.08,0.00,0.00,0.00,0.00,0.00,0.00,0.00
155746,PARKVIEW HAVEN,FRANCESVILLE,IN,Pulaski,131,2020Q2,20200613,36,0.00,0.00,0.00,0.00,0.00,0.00,0.00,0.00,0.00,0.00,0.00,0.00,0.00,0.00,0.00,0.00,0.00,0.00,0.50,0.00,0.50,0.00,0.00,0.00,0.00,0.00,0.00,0.00,0.00,0.00,0.00,0.00,0.00,0.00,0.00,0.00,0.00,0.00,0.00,0.00,0.00,0.00,0.00,0.00,0.00,0.00,0.00,0.00,0.00,0.00,0.00,0.00,0.00,0.00,0.00,0.00,0.00,0.00,0.00,0.00,6.92,6.92,0.00,0.00,0.00,0.00,0.00,0.00,0.00,0.00,0.00,0.00
155746,PARKVIEW HAVEN,FRANCESVILLE,IN,Pulaski,131,2020Q2,20200614,36,0.00,0.00,0.00,0.00,0.00,0.00,0.00,0.00,0.00,0.00,0.00,0.00,0.00,0.00,0.00,0.00,0.00,0.00,0.00,0.00,0.00,0.00,0.00,0.00,0.00,0.00,0.00,0.00,0.00,0.00,0.00,0.00,0.00,0.00,0.00,0.00,0.00,0.00,0.00,0.00,0.00,0.00,0.00,0.00,0.00,0.00,0.00,0.00,0.00,0.00,0.00,0.00,0.00,0.00,0.00,0.00,0.00,0.00,0.00,0.00,4.07,4.07,0.00,0.00,0.00,0.00,0.00,0.00,0.00,0.00,0.00,0.00
155746,PARKVIEW HAVEN,FRANCESVILLE,IN,Pulaski,131,2020Q2,20200615,37,12.00,12.00,0.00,0.00,0.00,0.00,0.00,0.00,0.00,0.00,0.00,0.00,0.00,0.00,0.00,0.00,0.00,0.00,2.50,0.00,2.50,0.00,0.00,0.00,0.00,0.00,0.00,0.00,0.00,0.00,0.00,0.00,0.00,0.00,0.00,0.00,0.00,0.00,0.00,2.35,0.00,2.35,0.00,0.00,0.00,0.00,0.00,0.00,0.00,0.00,0.00,0.00,0.00,0.00,0.00,0.00,0.00,8.00,8.00,0.00,15.61,15.61,0.00,7.85,7.85,0.00,0.00,0.00,0.00,0.00,0.00,0.00
155746,PARKVIEW HAVEN,FRANCESVILLE,IN,Pulaski,131,2020Q2,20200616,37,12.00,12.00,0.00,0.00,0.00,0.00,0.00,0.00,0.00,0.00,0.00,0.00,0.00,0.00,0.00,0.00,0.00,0.00,0.00,0.00,0.00,0.00,0.00,0.00,0.00,0.00,0.00,0.00,0.00,0.00,0.00,0.00,0.00,0.00,0.00,0.00,0.00,0.00,0.00,2.90,0.00,2.90,0.00,0.00,0.00,0.00,0.00,0.00,0.00,0.00,0.00,0.00,0.00,0.00,0.00,0.00,0.00,8.00,8.00,0.00,15.61,15.61,0.00,8.49,8.49,0.00,0.00,0.00,0.00,0.00,0.00,0.00
155746,PARKVIEW HAVEN,FRANCESVILLE,IN,Pulaski,131,2020Q2,20200617,38,12.00,12.00,0.00,0.00,0.00,0.00,0.00,0.00,0.00,0.00,0.00,0.00,0.00,0.00,0.00,0.00,0.00,0.00,0.00,0.00,0.00,0.00,0.00,0.00,4.02,4.02,0.00,0.00,0.00,0.00,0.00,0.00,0.00,0.00,0.00,0.00,1.03,0.00,1.03,2.97,0.00,2.97,0.00,0.00,0.00,0.00,0.00,0.00,0.00,0.00,0.00,0.00,0.00,0.00,0.00,0.00,0.00,8.00,8.00,0.00,8.14,8.14,0.00,8.33,8.33,0.00,0.00,0.00,0.00,0.00,0.00,0.00
155746,PARKVIEW HAVEN,FRANCESVILLE,IN,Pulaski,131,2020Q2,20200618,38,12.00,12.00,0.00,0.00,0.00,0.00,0.00,0.00,0.00,0.00,0.00,0.00,0.00,0.00,0.00,0.00,0.00,0.00,0.00,0.00,0.00,0.00,0.00,0.00,4.54,4.54,0.00,0.00,0.00,0.00,0.00,0.00,0.00,0.00,0.00,0.00,0.00,0.00,0.00,2.68,0.00,2.68,0.00,0.00,0.00,0.00,0.00,0.00,0.00,0.00,0.00,0.00,0.00,0.00,0.00,0.00,0.00,8.00,8.00,0.00,12.23,12.23,0.00,8.12,8.12,0.00,0.00,0.00,0.00,0.00,0.00,0.00
155746,PARKVIEW HAVEN,FRANCESVILLE,IN,Pulaski,131,2020Q2,20200619,38,12.00,12.00,0.00,0.00,0.00,0.00,0.00,0.00,0.00,0.00,0.00,0.00,0.00,0.00,0.00,0.00,0.00,0.00,0.00,0.00,0.00,0.00,0.00,0.00,0.50,0.50,0.00,0.00,0.00,0.00,0.00,0.00,0.00,0.00,0.00,0.00,0.00,0.00,0.00,2.77,0.00,2.77,0.00,0.00,0.00,0.00,0.00,0.00,0.00,0.00,0.00,0.00,0.00,0.00,0.00,0.00,0.00,8.00,8.00,0.00,16.00,16.00,0.00,0.00,0.00,0.00,0.00,0.00,0.00,0.00,0.00,0.00
155746,PARKVIEW HAVEN,FRANCESVILLE,IN,Pulaski,131,2020Q2,20200620,38,0.00,0.00,0.00,0.00,0.00,0.00,0.00,0.00,0.00,0.00,0.00,0.00,0.00,0.00,0.00,0.00,0.00,0.00,0.00,0.00,0.00,0.00,0.00,0.00,0.00,0.00,0.00,0.00,0.00,0.00,0.00,0.00,0.00,0.00,0.00,0.00,0.00,0.00,0.00,0.00,0.00,0.00,0.00,0.00,0.00,0.00,0.00,0.00,0.00,0.00,0.00,0.00,0.00,0.00,0.00,0.00,0.00,0.00,0.00,0.00,6.14,6.14,0.00,0.50,0.50,0.00,0.00,0.00,0.00,0.00,0.00,0.00
155746,PARKVIEW HAVEN,FRANCESVILLE,IN,Pulaski,131,2020Q2,20200621,38,0.00,0.00,0.00,0.00,0.00,0.00,0.00,0.00,0.00,0.00,0.00,0.00,0.00,0.00,0.00,0.00,0.00,0.00,0.00,0.00,0.00,0.00,0.00,0.00,0.00,0.00,0.00,0.00,0.00,0.00,0.00,0.00,0.00,0.00,0.00,0.00,0.00,0.00,0.00,0.00,0.00,0.00,0.00,0.00,0.00,0.00,0.00,0.00,0.00,0.00,0.00,0.00,0.00,0.00,0.00,0.00,0.00,0.00,0.00,0.00,4.08,4.08,0.00,8.45,8.45,0.00,0.00,0.00,0.00,0.00,0.00,0.00
155746,PARKVIEW HAVEN,FRANCESVILLE,IN,Pulaski,131,2020Q2,20200622,38,8.00,8.00,0.00,0.00,0.00,0.00,0.00,0.00,0.00,0.00,0.00,0.00,0.00,0.00,0.00,0.00,0.00,0.00,0.00,0.00,0.00,0.00,0.00,0.00,3.82,3.82,0.00,0.00,0.00,0.00,0.00,0.00,0.00,0.00,0.00,0.00,0.00,0.00,0.00,2.75,0.00,2.75,0.00,0.00,0.00,0.00,0.00,0.00,0.00,0.00,0.00,0.00,0.00,0.00,0.00,0.00,0.00,8.00,8.00,0.00,15.95,15.95,0.00,8.12,8.12,0.00,0.00,0.00,0.00,0.00,0.00,0.00
155746,PARKVIEW HAVEN,FRANCESVILLE,IN,Pulaski,131,2020Q2,20200623,38,12.00,12.00,0.00,0.00,0.00,0.00,0.00,0.00,0.00,0.00,0.00,0.00,0.00,0.00,0.00,0.00,0.00,0.00,0.00,0.00,0.00,4.25,0.00,4.25,0.00,0.00,0.00,0.00,0.00,0.00,0.00,0.00,0.00,0.00,0.00,0.00,0.00,0.00,0.00,1.88,0.00,1.88,0.00,0.00,0.00,0.00,0.00,0.00,0.00,0.00,0.00,0.00,0.00,0.00,0.00,0.00,0.00,0.00,0.00,0.00,20.28,20.28,0.00,8.67,8.67,0.00,0.00,0.00,0.00,0.00,0.00,0.00
155746,PARKVIEW HAVEN,FRANCESVILLE,IN,Pulaski,131,2020Q2,20200624,38,12.00,12.00,0.00,0.00,0.00,0.00,0.00,0.00,0.00,0.00,0.00,0.00,0.00,0.00,0.00,0.00,0.00,0.00,0.00,0.00,0.00,0.00,0.00,0.00,0.00,0.00,0.00,0.00,0.00,0.00,1.77,0.00,1.77,0.00,0.00,0.00,0.00,0.00,0.00,3.42,0.00,3.42,0.00,0.00,0.00,0.00,0.00,0.00,0.00,0.00,0.00,0.00,0.00,0.00,0.00,0.00,0.00,0.00,0.00,0.00,23.28,23.28,0.00,0.00,0.00,0.00,0.00,0.00,0.00,0.00,0.00,0.00
155746,PARKVIEW HAVEN,FRANCESVILLE,IN,Pulaski,131,2020Q2,20200625,39,12.00,12.00,0.00,0.00,0.00,0.00,0.00,0.00,0.00,0.00,0.00,0.00,0.00,0.00,0.00,0.00,0.00,0.00,0.00,0.00,0.00,0.00,0.00,0.00,0.00,0.00,0.00,1.00,0.00,1.00,2.43,0.00,2.43,0.00,0.00,0.00,0.52,0.00,0.52,4.22,0.00,4.22,0.00,0.00,0.00,0.00,0.00,0.00,0.00,0.00,0.00,0.00,0.00,0.00,0.00,0.00,0.00,0.00,0.00,0.00,15.18,15.18,0.00,0.00,0.00,0.00,0.00,0.00,0.00,0.00,0.00,0.00
155746,PARKVIEW HAVEN,FRANCESVILLE,IN,Pulaski,131,2020Q2,20200626,39,4.00,4.00,0.00,0.00,0.00,0.00,0.00,0.00,0.00,0.00,0.00,0.00,0.00,0.00,0.00,0.00,0.00,0.00,0.00,0.00,0.00,0.00,0.00,0.00,0.00,0.00,0.00,1.00,0.00,1.00,1.42,0.00,1.42,0.00,0.00,0.00,1.50,0.00,1.50,3.63,0.00,3.63,0.00,0.00,0.00,0.00,0.00,0.00,0.00,0.00,0.00,0.00,0.00,0.00,0.00,0.00,0.00,0.00,0.00,0.00,15.83,15.83,0.00,0.00,0.00,0.00,0.00,0.00,0.00,0.00,0.00,0.00
155746,PARKVIEW HAVEN,FRANCESVILLE,IN,Pulaski,131,2020Q2,20200627,39,0.00,0.00,0.00,0.00,0.00,0.00,0.00,0.00,0.00,0.00,0.00,0.00,0.00,0.00,0.00,0.00,0.00,0.00,0.00,0.00,0.00,0.00,0.00,0.00,0.00,0.00,0.00,0.00,0.00,0.00,0.00,0.00,0.00,0.00,0.00,0.00,0.00,0.00,0.00,0.00,0.00,0.00,0.00,0.00,0.00,0.00,0.00,0.00,0.00,0.00,0.00,0.00,0.00,0.00,0.00,0.00,0.00,0.00,0.00,0.00,7.33,7.33,0.00,3.00,3.00,0.00,0.00,0.00,0.00,0.00,0.00,0.00
155746,PARKVIEW HAVEN,FRANCESVILLE,IN,Pulaski,131,2020Q2,20200628,39,0.00,0.00,0.00,0.00,0.00,0.00,0.00,0.00,0.00,0.00,0.00,0.00,0.00,0.00,0.00,0.00,0.00,0.00,0.00,0.00,0.00,0.00,0.00,0.00,0.00,0.00,0.00,0.00,0.00,0.00,0.00,0.00,0.00,0.00,0.00,0.00,0.00,0.00,0.00,1.10,0.00,1.10,0.00,0.00,0.00,0.00,0.00,0.00,0.00,0.00,0.00,0.00,0.00,0.00,0.00,0.00,0.00,0.00,0.00,0.00,4.07,4.07,0.00,0.00,0.00,0.00,0.00,0.00,0.00,0.00,0.00,0.00
155746,PARKVIEW HAVEN,FRANCESVILLE,IN,Pulaski,131,2020Q2,20200629,39,12.00,12.00,0.00,0.00,0.00,0.00,0.00,0.00,0.00,0.00,0.00,0.00,0.00,0.00,0.00,0.00,0.00,0.00,0.00,0.00,0.00,0.00,0.00,0.00,0.00,0.00,0.00,0.00,0.00,0.00,2.85,0.00,2.85,0.00,0.00,0.00,0.00,0.00,0.00,4.37,0.00,4.37,0.00,0.00,0.00,0.00,0.00,0.00,0.00,0.00,0.00,1.80,0.00,1.80,0.00,0.00,0.00,8.00,8.00,0.00,19.19,19.19,0.00,0.00,0.00,0.00,0.00,0.00,0.00,0.00,0.00,0.00
155746,PARKVIEW HAVEN,FRANCESVILLE,IN,Pulaski,131,2020Q2,20200630,38,12.00,12.00,0.00,8.00,0.00,8.00,0.00,0.00,0.00,0.00,0.00,0.00,0.00,0.00,0.00,0.00,0.00,0.00,0.00,0.00,0.00,0.00,0.00,0.00,0.00,0.00,0.00,0.00,0.00,0.00,2.97,0.00,2.97,0.00,0.00,0.00,0.70,0.00,0.70,4.07,0.00,4.07,0.00,0.00,0.00,0.00,0.00,0.00,0.00,0.00,0.00,0.00,0.00,0.00,0.00,0.00,0.00,8.00,8.00,0.00,14.07,14.07,0.00,8.59,8.59,0.00,0.00,0.00,0.00,0.00,0.00,0.00
285261,PARKVIEW HAVEN NURSING HOME,DESHLER,NE,Thayer,169,2020Q2,20200401,22,9.00,9.00,0.00,0.00,0.00,0.00,0.00,0.00,0.00,0.00,0.00,0.00,0.00,0.00,0.00,0.00,0.00,0.00,0.00,0.00,0.00,0.00,0.00,0.00,0.00,0.00,0.00,0.00,0.00,0.00,0.00,0.00,0.00,0.00,0.00,0.00,0.50,0.00,0.50,0.00,0.00,0.00,0.00,0.00,0.00,0.00,0.00,0.00,0.00,0.00,0.00,0.70,0.00,0.70,0.00,0.00,0.00,0.00,0.00,0.00,2.50,2.50,0.00,0.00,0.00,0.00,6.75,6.75,0.00,0.00,0.00,0.00
285261,PARKVIEW HAVEN NURSING HOME,DESHLER,NE,Thayer,169,2020Q2,20200402,22,9.00,9.00,0.00,3.00,0.00,3.00,0.00,0.00,0.00,0.00,0.00,0.00,0.00,0.00,0.00,0.00,0.00,0.00,0.00,0.00,0.00,0.00,0.00,0.00,0.00,0.00,0.00,0.50,0.00,0.50,0.00,0.00,0.00,0.00,0.00,0.00,0.50,0.00,0.50,0.00,0.00,0.00,0.00,0.00,0.00,0.00,0.00,0.00,0.00,0.00,0.00,1.30,0.00,1.30,0.00,0.00,0.00,0.00,0.00,0.00,6.25,6.25,0.00,0.00,0.00,0.00,7.00,7.00,0.00,0.00,0.00,0.00
285261,PARKVIEW HAVEN NURSING HOME,DESHLER,NE,Thayer,169,2020Q2,20200403,22,5.00,5.00,0.00,0.00,0.00,0.00,0.00,0.00,0.00,0.00,0.00,0.00,0.00,0.00,0.00,0.00,0.00,0.00,0.00,0.00,0.00,0.00,0.00,0.00,0.00,0.00,0.00,0.50,0.00,0.50,0.00,0.00,0.00,0.00,0.00,0.00,0.70,0.00,0.70,0.00,0.00,0.00,0.00,0.00,0.00,0.00,0.00,0.00,0.00,0.00,0.00,0.70,0.00,0.70,0.00,0.00,0.00,0.00,0.00,0.00,6.50,6.50,0.00,0.00,0.00,0.00,9.00,9.00,0.00,0.00,0.00,0.00
285261,PARKVIEW HAVEN NURSING HOME,DESHLER,NE,Thayer,169,2020Q2,20200404,22,0.00,0.00,0.00,0.00,0.00,0.00,0.00,0.00,0.00,0.00,0.00,0.00,0.00,0.00,0.00,0.00,0.00,0.00,0.00,0.00,0.00,0.00,0.00,0.00,0.00,0.00,0.00,0.00,0.00,0.00,0.00,0.00,0.00,0.00,0.00,0.00,0.00,0.00,0.00,0.00,0.00,0.00,0.00,0.00,0.00,0.00,0.00,0.00,0.00,0.00,0.00,0.00,0.00,0.00,0.00,0.00,0.00,0.00,0.00,0.00,0.00,0.00,0.00,0.00,0.00,0.00,0.00,0.00,0.00,0.00,0.00,0.00
285261,PARKVIEW HAVEN NURSING HOME,DESHLER,NE,Thayer,169,2020Q2,20200405,22,0.00,0.00,0.00,0.00,0.00,0.00,0.00,0.00,0.00,0.00,0.00,0.00,0.00,0.00,0.00,0.00,0.00,0.00,0.00,0.00,0.00,0.00,0.00,0.00,0.00,0.00,0.00,0.00,0.00,0.00,0.00,0.00,0.00,0.00,0.00,0.00,0.00,0.00,0.00,0.00,0.00,0.00,0.00,0.00,0.00,0.00,0.00,0.00,0.00,0.00,0.00,0.00,0.00,0.00,0.00,0.00,0.00,0.00,0.00,0.00,0.00,0.00,0.00,0.00,0.00,0.00,0.00,0.00,0.00,0.00,0.00,0.00
285261,PARKVIEW HAVEN NURSING HOME,DESHLER,NE,Thayer,169,2020Q2,20200406,22,8.00,8.00,0.00,0.00,0.00,0.00,0.00,0.00,0.00,0.00,0.00,0.00,0.00,0.00,0.00,0.00,0.00,0.00,0.00,0.00,0.00,0.00,0.00,0.00,0.00,0.00,0.00,0.80,0.00,0.80,0.00,0.00,0.00,0.00,0.00,0.00,0.70,0.00,0.70,0.00,0.00,0.00,0.00,0.00,0.00,0.00,0.00,0.00,0.00,0.00,0.00,0.50,0.00,0.50,0.00,0.00,0.00,0.00,0.00,0.00,9.50,9.50,0.00,0.00,0.00,0.00,7.25,7.25,0.00,0.00,0.00,0.00
285261,PARKVIEW HAVEN NURSING HOME,DESHLER,NE,Thayer,169,2020Q2,20200407,22,8.00,8.00,0.00,0.00,0.00,0.00,0.00,0.00,0.00,0.00,0.00,0.00,0.00,0.00,0.00,0.00,0.00,0.00,0.00,0.00,0.00,0.00,0.00,0.00,0.00,0.00,0.00,0.60,0.00,0.60,0.00,0.00,0.00,0.00,0.00,0.00,0.50,0.00,0.50,0.00,0.00,0.00,0.00,0.00,0.00,0.00,0.00,0.00,0.00,0.00,0.00,1.30,0.00,1.30,0.00,0.00,0.00,0.00,0.00,0.00,9.25,9.25,0.00,0.00,0.00,0.00,7.75,7.75,0.00,0.00,0.00,0.00
285261,PARKVIEW HAVEN NURSING HOME,DESHLER,NE,Thayer,169,2020Q2,20200408,22,9.00,9.00,0.00,0.00,0.00,0.00,0.00,0.00,0.00,0.00,0.00,0.00,0.00,0.00,0.00,0.00,0.00,0.00,0.00,0.00,0.00,0.00,0.00,0.00,0.00,0.00,0.00,0.80,0.00,0.80,0.00,0.00,0.00,0.00,0.00,0.00,0.80,0.00,0.80,0.00,0.00,0.00,0.00,0.00,0.00,0.00,0.00,0.00,0.00,0.00,0.00,0.60,0.00,0.60,0.00,0.00,0.00,0.00,0.00,0.00,6.75,6.75,0.00,0.00,0.00,0.00,6.75,6.75,0.00,0.00,0.00,0.00
285261,PARKVIEW HAVEN NURSING HOME,DESHLER,NE,Thayer,169,2020Q2,20200409,22,8.00,8.00,0.00,0.00,0.00,0.00,0.00,0.00,0.00,0.00,0.00,0.00,0.00,0.00,0.00,0.00,0.00,0.00,0.00,0.00,0.00,0.00,0.00,0.00,0.00,0.00,0.00,0.50,0.00,0.50,0.00,0.00,0.00,0.00,0.00,0.00,0.60,0.00,0.60,0.00,0.00,0.00,0.00,0.00,0.00,0.00,0.00,0.00,0.00,0.00,0.00,0.80,0.00,0.80,0.00,0.00,0.00,0.00,0.00,0.00,9.00,9.00,0.00,0.00,0.00,0.00,8.00,8.00,0.00,0.00,0.00,0.00
285261,PARKVIEW HAVEN NURSING HOME,DESHLER,NE,Thayer,169,2020Q2,20200410,22,8.00,8.00,0.00,0.00,0.00,0.00,0.00,0.00,0.00,0.00,0.00,0.00,0.00,0.00,0.00,0.00,0.00,0.00,0.00,0.00,0.00,0.00,0.00,0.00,0.00,0.00,0.00,0.50,0.00,0.50,0.00,0.00,0.00,0.00,0.00,0.00,0.60,0.00,0.60,0.00,0.00,0.00,0.00,0.00,0.00,0.00,0.00,0.00,0.00,0.00,0.00,1.80,0.00,1.80,0.00,0.00,0.00,0.00,0.00,0.00,0.00,0.00,0.00,0.00,0.00,0.00,7.50,7.50,0.00,0.00,0.00,0.00
285261,PARKVIEW HAVEN NURSING HOME,DESHLER,NE,Thayer,169,2020Q2,20200411,22,4.00,4.00,0.00,0.00,0.00,0.00,0.00,0.00,0.00,0.00,0.00,0.00,0.00,0.00,0.00,0.00,0.00,0.00,0.00,0.00,0.00,0.00,0.00,0.00,0.00,0.00,0.00,0.00,0.00,0.00,0.00,0.00,0.00,0.00,0.00,0.00,0.00,0.00,0.00,0.00,0.00,0.00,0.00,0.00,0.00,0.00,0.00,0.00,0.00,0.00,0.00,0.00,0.00,0.00,0.00,0.00,0.00,0.00,0.00,0.00,0.00,0.00,0.00,0.00,0.00,0.00,0.00,0.00,0.00,0.00,0.00,0.00
285261,PARKVIEW HAVEN NURSING HOME,DESHLER,NE,Thayer,169,2020Q2,20200412,22,4.00,4.00,0.00,0.00,0.00,0.00,0.00,0.00,0.00,0.00,0.00,0.00,0.00,0.00,0.00,0.00,0.00,0.00,0.00,0.00,0.00,0.00,0.00,0.00,0.00,0.00,0.00,0.00,0.00,0.00,0.00,0.00,0.00,0.00,0.00,0.00,0.00,0.00,0.00,0.00,0.00,0.00,0.00,0.00,0.00,0.00,0.00,0.00,0.00,0.00,0.00,0.00,0.00,0.00,0.00,0.00,0.00,0.00,0.00,0.00,0.00,0.00,0.00,0.00,0.00,0.00,0.00,0.00,0.00,0.00,0.00,0.00
285261,PARKVIEW HAVEN NURSING HOME,DESHLER,NE,Thayer,169,2020Q2,20200413,23,8.00,8.00,0.00,0.00,0.00,0.00,0.00,0.00,0.00,0.00,0.00,0.00,0.00,0.00,0.00,0.00,0.00,0.00,0.00,0.00,0.00,0.00,0.00,0.00,0.00,0.00,0.00,0.60,0.00,0.60,0.00,0.00,0.00,0.00,0.00,0.00,0.70,0.00,0.70,0.00,0.00,0.00,0.00,0.00,0.00,0.00,0.00,0.00,0.00,0.00,0.00,0.60,0.00,0.60,0.00,0.00,0.00,0.00,0.00,0.00,9.25,9.25,0.00,0.00,0.00,0.00,9.75,9.75,0.00,0.00,0.00,0.00
285261,PARKVIEW HAVEN NURSING HOME,DESHLER,NE,Thayer,169,2020Q2,20200414,23,8.00,8.00,0.00,0.00,0.00,0.00,0.00,0.00,0.00,0.00,0.00,0.00,0.00,0.00,0.00,0.00,0.00,0.00,0.00,0.00,0.00,0.00,0.00,0.00,0.00,0.00,0.00,1.00,0.00,1.00,0.00,0.00,0.00,0.00,0.00,0.00,1.30,0.00,1.30,0.00,0.00,0.00,0.00,0.00,0.00,0.00,0.00,0.00,0.00,0.00,0.00,1.20,0.00,1.20,0.00,0.00,0.00,0.00,0.00,0.00,9.25,9.25,0.00,0.00,0.00,0.00,6.75,6.75,0.00,0.00,0.00,0.00
285261,PARKVIEW HAVEN NURSING HOME,DESHLER,NE,Thayer,169,2020Q2,20200415,22,5.00,5.00,0.00,0.00,0.00,0.00,0.00,0.00,0.00,0.00,0.00,0.00,0.00,0.00,0.00,0.00,0.00,0.00,0.00,0.00,0.00,0.00,0.00,0.00,0.00,0.00,0.00,1.20,0.00,1.20,0.00,0.00,0.00,0.00,0.00,0.00,1.40,0.00,1.40,0.00,0.00,0.00,0.00,0.00,0.00,0.00,0.00,0.00,0.00,0.00,0.00,1.00,0.00,1.00,0.00,0.00,0.00,0.00,0.00,0.00,4.25,4.25,0.00,0.00,0.00,0.00,7.25,7.25,0.00,0.00,0.00,0.00
285261,PARKVIEW HAVEN NURSING HOME,DESHLER,NE,Thayer,169,2020Q2,20200416,22,10.00,10.00,0.00,0.00,0.00,0.00,0.00,0.00,0.00,0.00,0.00,0.00,0.00,0.00,0.00,0.00,0.00,0.00,0.00,0.00,0.00,5.80,0.00,5.80,0.00,0.00,0.00,1.00,0.00,1.00,0.00,0.00,0.00,0.00,0.00,0.00,1.20,0.00,1.20,0.00,0.00,0.00,0.00,0.00,0.00,0.00,0.00,0.00,0.00,0.00,0.00,1.70,0.00,1.70,0.00,0.00,0.00,0.00,0.00,0.00,9.25,9.25,0.00,0.00,0.00,0.00,8.00,8.00,0.00,0.00,0.00,0.00
285261,PARKVIEW HAVEN NURSING HOME,DESHLER,NE,Thayer,169,2020Q2,20200417,22,6.00,6.00,0.00,0.00,0.00,0.00,0.00,0.00,0.00,0.00,0.00,0.00,0.00,0.00,0.00,0.00,0.00,0.00,0.00,0.00,0.00,0.00,0.00,0.00,0.00,0.00,0.00,0.00,0.00,0.00,0.00,0.00,0.00,0.00,0.00,0.00,1.20,0.00,1.20,0.00,0.00,0.00,0.00,0.00,0.00,0.00,0.00,0.00,0.00,0.00,0.00,1.20,0.00,1.20,0.00,0.00,0.00,0.00,0.00,0.00,1.75,1.75,0.00,0.00,0.00,0.00,7.50,7.50,0.00,0.00,0.00,0.00
285261,PARKVIEW HAVEN NURSING HOME,DESHLER,NE,Thayer,169,2020Q2,20200418,22,4.00,4.00,0.00,0.00,0.00,0.00,0.00,0.00,0.00,0.00,0.00,0.00,0.00,0.00,0.00,0.00,0.00,0.00,0.00,0.00,0.00,0.00,0.00,0.00,0.00,0.00,0.00,0.00,0.00,0.00,0.00,0.00,0.00,0.00,0.00,0.00,0.00,0.00,0.00,0.00,0.00,0.00,0.00,0.00,0.00,0.00,0.00,0.00,0.00,0.00,0.00,0.00,0.00,0.00,0.00,0.00,0.00,0.00,0.00,0.00,0.00,0.00,0.00,0.00,0.00,0.00,0.00,0.00,0.00,0.00,0.00,0.00
285261,PARKVIEW HAVEN NURSING HOME,DESHLER,NE,Thayer,169,2020Q2,20200419,22,4.00,4.00,0.00,0.00,0.00,0.00,0.00,0.00,0.00,0.00,0.00,0.00,0.00,0.00,0.00,0.00,0.00,0.00,0.00,0.00,0.00,0.00,0.00,0.00,0.00,0.00,0.00,0.00,0.00,0.00,0.00,0.00,0.00,0.00,0.00,0.00,0.00,0.00,0.00,0.00,0.00,0.00,0.00,0.00,0.00,0.00,0.00,0.00,0.00,0.00,0.00,0.00,0.00,0.00,0.00,0.00,0.00,0.00,0.00,0.00,0.00,0.00,0.00,0.00,0.00,0.00,0.00,0.00,0.00,0.00,0.00,0.00
285261,PARKVIEW HAVEN NURSING HOME,DESHLER,NE,Thayer,169,2020Q2,20200420,22,9.00,9.00,0.00,0.00,0.00,0.00,0.00,0.00,0.00,0.00,0.00,0.00,0.00,0.00,0.00,0.00,0.00,0.00,0.00,0.00,0.00,0.00,0.00,0.00,0.00,0.00,0.00,1.00,0.00,1.00,0.00,0.00,0.00,0.00,0.00,0.00,1.30,0.00,1.30,0.00,0.00,0.00,0.00,0.00,0.00,0.00,0.00,0.00,0.00,0.00,0.00,1.10,0.00,1.10,0.00,0.00,0.00,0.00,0.00,0.00,9.25,9.25,0.00,0.00,0.00,0.00,7.50,7.50,0.00,0.00,0.00,0.00
285261,PARKVIEW HAVEN NURSING HOME,DESHLER,NE,Thayer,169,2020Q2,20200421,22,8.00,8.00,0.00,0.00,0.00,0.00,0.00,0.00,0.00,0.00,0.00,0.00,0.00,0.00,0.00,0.00,0.00,0.00,0.00,0.00,0.00,0.00,0.00,0.00,0.00,0.00,0.00,0.50,0.00,0.50,0.00,0.00,0.00,0.00,0.00,0.00,1.00,0.00,1.00,0.00,0.00,0.00,0.00,0.00,0.00,0.00,0.00,0.00,0.00,0.00,0.00,1.10,0.00,1.10,0.00,0.00,0.00,0.00,0.00,0.00,9.75,9.75,0.00,0.00,0.00,0.00,7.50,7.50,0.00,0.00,0.00,0.00
285261,PARKVIEW HAVEN NURSING HOME,DESHLER,NE,Thayer,169,2020Q2,20200422,21,8.00,8.00,0.00,0.00,0.00,0.00,0.00,0.00,0.00,0.00,0.00,0.00,0.00,0.00,0.00,0.00,0.00,0.00,0.00,0.00,0.00,0.00,0.00,0.00,0.00,0.00,0.00,0.70,0.00,0.70,0.00,0.00,0.00,0.00,0.00,0.00,0.60,0.00,0.60,0.00,0.00,0.00,0.00,0.00,0.00,0.00,0.00,0.00,0.00,0.00,0.00,1.20,0.00,1.20,0.00,0.00,0.00,0.00,0.00,0.00,5.50,5.50,0.00,0.00,0.00,0.00,5.75,5.75,0.00,0.00,0.00,0.00
285261,PARKVIEW HAVEN NURSING HOME,DESHLER,NE,Thayer,169,2020Q2,20200423,21,0.00,0.00,0.00,0.00,0.00,0.00,0.00,0.00,0.00,0.00,0.00,0.00,0.00,0.00,0.00,0.00,0.00,0.00,0.00,0.00,0.00,0.00,0.00,0.00,0.00,0.00,0.00,0.80,0.00,0.80,0.00,0.00,0.00,0.00,0.00,0.00,0.60,0.00,0.60,0.00,0.00,0.00,0.00,0.00,0.00,0.00,0.00,0.00,0.00,0.00,0.00,1.20,0.00,1.20,0.00,0.00,0.00,0.00,0.00,0.00,9.25,9.25,0.00,0.00,0.00,0.00,7.25,7.25,0.00,0.00,0.00,0.00
285261,PARKVIEW HAVEN NURSING HOME,DESHLER,NE,Thayer,169,2020Q2,20200424,21,8.00,8.00,0.00,0.00,0.00,0.00,0.00,0.00,0.00,0.00,0.00,0.00,0.00,0.00,0.00,0.00,0.00,0.00,0.00,0.00,0.00,0.00,0.00,0.00,0.00,0.00,0.00,0.80,0.00,0.80,0.00,0.00,0.00,0.00,0.00,0.00,0.70,0.00,0.70,0.00,0.00,0.00,0.00,0.00,0.00,0.00,0.00,0.00,0.00,0.00,0.00,1.00,0.00,1.00,0.00,0.00,0.00,0.00,0.00,0.00,5.00,5.00,0.00,0.00,0.00,0.00,5.75,5.75,0.00,0.00,0.00,0.00
285261,PARKVIEW HAVEN NURSING HOME,DESHLER,NE,Thayer,169,2020Q2,20200425,21,4.00,4.00,0.00,0.00,0.00,0.00,0.00,0.00,0.00,0.00,0.00,0.00,0.00,0.00,0.00,0.00,0.00,0.00,0.00,0.00,0.00,0.00,0.00,0.00,0.00,0.00,0.00,0.00,0.00,0.00,0.00,0.00,0.00,0.00,0.00,0.00,0.00,0.00,0.00,0.00,0.00,0.00,0.00,0.00,0.00,0.00,0.00,0.00,0.00,0.00,0.00,0.00,0.00,0.00,0.00,0.00,0.00,0.00,0.00,0.00,0.00,0.00,0.00,0.00,0.00,0.00,0.00,0.00,0.00,0.00,0.00,0.00
285261,PARKVIEW HAVEN NURSING HOME,DESHLER,NE,Thayer,169,2020Q2,20200426,21,4.00,4.00,0.00,0.00,0.00,0.00,0.00,0.00,0.00,0.00,0.00,0.00,0.00,0.00,0.00,0.00,0.00,0.00,0.00,0.00,0.00,0.00,0.00,0.00,0.00,0.00,0.00,0.00,0.00,0.00,0.00,0.00,0.00,0.00,0.00,0.00,0.00,0.00,0.00,0.00,0.00,0.00,0.00,0.00,0.00,0.00,0.00,0.00,0.00,0.00,0.00,0.00,0.00,0.00,0.00,0.00,0.00,0.00,0.00,0.00,3.25,3.25,0.00,0.00,0.00,0.00,0.00,0.00,0.00,0.00,0.00,0.00
285261,PARKVIEW HAVEN NURSING HOME,DESHLER,NE,Thayer,169,2020Q2,20200427,20,8.00,8.00,0.00,0.00,0.00,0.00,0.00,0.00,0.00,0.00,0.00,0.00,0.00,0.00,0.00,0.00,0.00,0.00,0.00,0.00,0.00,0.00,0.00,0.00,0.00,0.00,0.00,0.00,0.00,0.00,0.00,0.00,0.00,0.00,0.00,0.00,0.60,0.00,0.60,0.00,0.00,0.00,0.00,0.00,0.00,0.00,0.00,0.00,0.00,0.00,0.00,1.10,0.00,1.10,0.00,0.00,0.00,0.00,0.00,0.00,9.25,9.25,0.00,0.00,0.00,0.00,9.00,9.00,0.00,0.00,0.00,0.00
285261,PARKVIEW HAVEN NURSING HOME,DESHLER,NE,Thayer,169,2020Q2,20200428,20,8.00,8.00,0.00,0.00,0.00,0.00,0.00,0.00,0.00,0.00,0.00,0.00,0.00,0.00,0.00,0.00,0.00,0.00,0.00,0.00,0.00,0.00,0.00,0.00,0.00,0.00,0.00,0.50,0.00,0.50,0.00,0.00,0.00,0.00,0.00,0.00,0.50,0.00,0.50,0.00,0.00,0.00,0.00,0.00,0.00,0.00,0.00,0.00,0.00,0.00,0.00,0.50,0.00,0.50,0.00,0.00,0.00,0.00,0.00,0.00,9.25,9.25,0.00,0.00,0.00,0.00,7.75,7.75,0.00,0.00,0.00,0.00
285261,PARKVIEW HAVEN NURSING HOME,DESHLER,NE,Thayer,169,2020Q2,20200429,20,8.00,8.00,0.00,0.00,0.00,0.00,0.00,0.00,0.00,0.00,0.00,0.00,0.00,0.00,0.00,0.00,0.00,0.00,0.00,0.00,0.00,0.00,0.00,0.00,0.00,0.00,0.00,0.50,0.00,0.50,0.00,0.00,0.00,0.00,0.00,0.00,0.70,0.00,0.70,0.00,0.00,0.00,0.00,0.00,0.00,0.00,0.00,0.00,0.00,0.00,0.00,1.60,0.00,1.60,0.00,0.00,0.00,0.00,0.00,0.00,4.50,4.50,0.00,0.00,0.00,0.00,6.00,6.00,0.00,0.00,0.00,0.00
285261,PARKVIEW HAVEN NURSING HOME,DESHLER,NE,Thayer,169,2020Q2,20200430,20,8.00,8.00,0.00,0.00,0.00,0.00,0.00,0.00,0.00,0.00,0.00,0.00,0.00,0.00,0.00,0.00,0.00,0.00,0.00,0.00,0.00,0.00,0.00,0.00,0.00,0.00,0.00,0.70,0.00,0.70,0.00,0.00,0.00,0.00,0.00,0.00,0.70,0.00,0.70,0.00,0.00,0.00,0.00,0.00,0.00,0.00,0.00,0.00,0.00,0.00,0.00,0.50,0.00,0.50,0.00,0.00,0.00,0.00,0.00,0.00,10.50,10.50,0.00,0.00,0.00,0.00,6.75,6.75,0.00,0.00,0.00,0.00
285261,PARKVIEW HAVEN NURSING HOME,DESHLER,NE,Thayer,169,2020Q2,20200501,21,8.00,8.00,0.00,0.00,0.00,0.00,0.00,0.00,0.00,0.00,0.00,0.00,0.00,0.00,0.00,0.00,0.00,0.00,0.00,0.00,0.00,0.00,0.00,0.00,0.00,0.00,0.00,0.50,0.00,0.50,0.00,0.00,0.00,0.00,0.00,0.00,0.70,0.00,0.70,0.00,0.00,0.00,0.00,0.00,0.00,0.00,0.00,0.00,0.00,0.00,0.00,1.80,0.00,1.80,0.00,0.00,0.00,0.00,0.00,0.00,0.00,0.00,0.00,0.00,0.00,0.00,7.00,7.00,0.00,0.00,0.00,0.00
285261,PARKVIEW HAVEN NURSING HOME,DESHLER,NE,Thayer,169,2020Q2,20200502,21,2.00,2.00,0.00,0.00,0.00,0.00,0.00,0.00,0.00,0.00,0.00,0.00,0.00,0.00,0.00,0.00,0.00,0.00,0.00,0.00,0.00,0.00,0.00,0.00,0.00,0.00,0.00,0.00,0.00,0.00,0.00,0.00,0.00,0.00,0.00,0.00,0.00,0.00,0.00,0.00,0.00,0.00,0.00,0.00,0.00,0.00,0.00,0.00,0.00,0.00,0.00,0.00,0.00,0.00,0.00,0.00,0.00,0.00,0.00,0.00,0.00,0.00,0.00,0.00,0.00,0.00,0.00,0.00,0.00,0.00,0.00,0.00
285261,PARKVIEW HAVEN NURSING HOME,DESHLER,NE,Thayer,169,2020Q2,20200503,20,2.00,2.00,0.00,0.00,0.00,0.00,0.00,0.00,0.00,0.00,0.00,0.00,0.00,0.00,0.00,0.00,0.00,0.00,0.00,0.00,0.00,0.00,0.00,0.00,0.00,0.00,0.00,0.00,0.00,0.00,0.00,0.00,0.00,0.00,0.00,0.00,0.00,0.00,0.00,0.00,0.00,0.00,0.00,0.00,0.00,0.00,0.00,0.00,0.00,0.00,0.00,0.00,0.00,0.00,0.00,0.00,0.00,0.00,0.00,0.00,0.00,0.00,0.00,0.00,0.00,0.00,0.00,0.00,0.00,0.00,0.00,0.00
285261,PARKVIEW HAVEN NURSING HOME,DESHLER,NE,Thayer,169,2020Q2,20200504,20,7.00,7.00,0.00,0.00,0.00,0.00,0.00,0.00,0.00,0.00,0.00,0.00,0.00,0.00,0.00,0.00,0.00,0.00,0.00,0.00,0.00,0.00,0.00,0.00,0.00,0.00,0.00,0.60,0.00,0.60,0.00,0.00,0.00,0.00,0.00,0.00,0.80,0.00,0.80,0.00,0.00,0.00,0.00,0.00,0.00,0.00,0.00,0.00,0.00,0.00,0.00,1.10,0.00,1.10,0.00,0.00,0.00,0.00,0.00,0.00,9.50,9.50,0.00,0.00,0.00,0.00,7.50,7.50,0.00,0.00,0.00,0.00
285261,PARKVIEW HAVEN NURSING HOME,DESHLER,NE,Thayer,169,2020Q2,20200505,20,8.00,8.00,0.00,0.00,0.00,0.00,0.00,0.00,0.00,0.00,0.00,0.00,0.00,0.00,0.00,0.00,0.00,0.00,0.00,0.00,0.00,0.00,0.00,0.00,0.00,0.00,0.00,0.60,0.00,0.60,0.00,0.00,0.00,0.00,0.00,0.00,0.60,0.00,0.60,0.00,0.00,0.00,0.00,0.00,0.00,0.00,0.00,0.00,0.00,0.00,0.00,0.50,0.00,0.50,0.00,0.00,0.00,0.00,0.00,0.00,9.50,9.50,0.00,0.00,0.00,0.00,6.75,6.75,0.00,0.00,0.00,0.00
285261,PARKVIEW HAVEN NURSING HOME,DESHLER,NE,Thayer,169,2020Q2,20200506,20,8.00,8.00,0.00,0.00,0.00,0.00,0.00,0.00,0.00,0.00,0.00,0.00,0.00,0.00,0.00,0.00,0.00,0.00,0.00,0.00,0.00,0.00,0.00,0.00,0.00,0.00,0.00,0.70,0.00,0.70,0.00,0.00,0.00,0.00,0.00,0.00,0.70,0.00,0.70,0.00,0.00,0.00,0.00,0.00,0.00,0.00,0.00,0.00,0.00,0.00,0.00,0.60,0.00,0.60,0.00,0.00,0.00,0.00,0.00,0.00,6.00,6.00,0.00,0.00,0.00,0.00,6.00,6.00,0.00,0.00,0.00,0.00
285261,PARKVIEW HAVEN NURSING HOME,DESHLER,NE,Thayer,169,2020Q2,20200507,20,8.00,8.00,0.00,0.00,0.00,0.00,0.00,0.00,0.00,0.00,0.00,0.00,0.00,0.00,0.00,0.00,0.00,0.00,0.00,0.00,0.00,0.00,0.00,0.00,0.00,0.00,0.00,0.40,0.00,0.40,0.00,0.00,0.00,0.00,0.00,0.00,0.80,0.00,0.80,0.00,0.00,0.00,0.00,0.00,0.00,0.00,0.00,0.00,0.00,0.00,0.00,0.50,0.00,0.50,0.00,0.00,0.00,0.00,0.00,0.00,9.50,9.50,0.00,0.00,0.00,0.00,7.25,7.25,0.00,0.00,0.00,0.00
285261,PARKVIEW HAVEN NURSING HOME,DESHLER,NE,Thayer,169,2020Q2,20200508,19,0.00,0.00,0.00,0.00,0.00,0.00,0.00,0.00,0.00,0.00,0.00,0.00,0.00,0.00,0.00,0.00,0.00,0.00,0.00,0.00,0.00,0.00,0.00,0.00,0.00,0.00,0.00,0.00,0.00,0.00,0.00,0.00,0.00,0.00,0.00,0.00,0.00,0.00,0.00,0.00,0.00,0.00,0.00,0.00,0.00,0.00,0.00,0.00,0.00,0.00,0.00,0.60,0.00,0.60,0.00,0.00,0.00,0.00,0.00,0.00,0.00,0.00,0.00,0.00,0.00,0.00,5.50,5.50,0.00,0.00,0.00,0.00
285261,PARKVIEW HAVEN NURSING HOME,DESHLER,NE,Thayer,169,2020Q2,20200509,19,4.00,4.00,0.00,0.00,0.00,0.00,0.00,0.00,0.00,0.00,0.00,0.00,0.00,0.00,0.00,0.00,0.00,0.00,0.00,0.00,0.00,0.00,0.00,0.00,0.00,0.00,0.00,0.00,0.00,0.00,0.00,0.00,0.00,0.00,0.00,0.00,0.00,0.00,0.00,0.00,0.00,0.00,0.00,0.00,0.00,0.00,0.00,0.00,0.00,0.00,0.00,0.00,0.00,0.00,0.00,0.00,0.00,0.00,0.00,0.00,0.00,0.00,0.00,0.00,0.00,0.00,0.00,0.00,0.00,0.00,0.00,0.00
285261,PARKVIEW HAVEN NURSING HOME,DESHLER,NE,Thayer,169,2020Q2,20200510,19,2.00,2.00,0.00,0.00,0.00,0.00,0.00,0.00,0.00,0.00,0.00,0.00,0.00,0.00,0.00,0.00,0.00,0.00,0.00,0.00,0.00,0.00,0.00,0.00,0.00,0.00,0.00,0.00,0.00,0.00,0.00,0.00,0.00,0.00,0.00,0.00,0.00,0.00,0.00,0.00,0.00,0.00,0.00,0.00,0.00,0.00,0.00,0.00,0.00,0.00,0.00,0.00,0.00,0.00,0.00,0.00,0.00,0.00,0.00,0.00,0.00,0.00,0.00,0.00,0.00,0.00,0.00,0.00,0.00,0.00,0.00,0.00
285261,PARKVIEW HAVEN NURSING HOME,DESHLER,NE,Thayer,169,2020Q2,20200511,19,8.00,8.00,0.00,0.00,0.00,0.00,0.00,0.00,0.00,0.00,0.00,0.00,0.00,0.00,0.00,0.00,0.00,0.00,0.00,0.00,0.00,0.00,0.00,0.00,0.00,0.00,0.00,0.00,0.00,0.00,0.00,0.00,0.00,0.00,0.00,0.00,0.00,0.00,0.00,0.00,0.00,0.00,0.00,0.00,0.00,0.00,0.00,0.00,0.00,0.00,0.00,0.50,0.00,0.50,0.00,0.00,0.00,0.00,0.00,0.00,9.25,9.25,0.00,0.00,0.00,0.00,9.50,9.50,0.00,0.00,0.00,0.00
285261,PARKVIEW HAVEN NURSING HOME,DESHLER,NE,Thayer,169,2020Q2,20200512,19,9.00,9.00,0.00,3.00,0.00,3.00,0.00,0.00,0.00,0.00,0.00,0.00,0.00,0.00,0.00,0.00,0.00,0.00,0.00,0.00,0.00,0.00,0.00,0.00,0.00,0.00,0.00,0.00,0.00,0.00,0.00,0.00,0.00,0.00,0.00,0.00,0.00,0.00,0.00,0.00,0.00,0.00,0.00,0.00,0.00,0.00,0.00,0.00,0.00,0.00,0.00,0.00,0.00,0.00,0.00,0.00,0.00,0.00,0.00,0.00,9.25,9.25,0.00,0.00,0.00,0.00,7.50,7.50,0.00,0.00,0.00,0.00
285261,PARKVIEW HAVEN NURSING HOME,DESHLER,NE,Thayer,169,2020Q2,20200513,19,7.00,7.00,0.00,0.00,0.00,0.00,0.00,0.00,0.00,0.00,0.00,0.00,0.00,0.00,0.00,0.00,0.00,0.00,0.00,0.00,0.00,0.00,0.00,0.00,0.00,0.00,0.00,0.00,0.00,0.00,0.00,0.00,0.00,0.00,0.00,0.00,0.00,0.00,0.00,0.00,0.00,0.00,0.00,0.00,0.00,0.00,0.00,0.00,0.00,0.00,0.00,0.60,0.00,0.60,0.00,0.00,0.00,0.00,0.00,0.00,4.50,4.50,0.00,0.00,0.00,0.00,6.75,6.75,0.00,0.00,0.00,0.00
285261,PARKVIEW HAVEN NURSING HOME,DESHLER,NE,Thayer,169,2020Q2,20200514,19,8.00,8.00,0.00,0.00,0.00,0.00,0.00,0.00,0.00,0.00,0.00,0.00,0.00,0.00,0.00,0.00,0.00,0.00,0.00,0.00,0.00,7.50,0.00,7.50,0.00,0.00,0.00,0.00,0.00,0.00,0.00,0.00,0.00,0.00,0.00,0.00,0.00,0.00,0.00,0.00,0.00,0.00,0.00,0.00,0.00,0.00,0.00,0.00,0.00,0.00,0.00,0.00,0.00,0.00,0.00,0.00,0.00,0.00,0.00,0.00,9.25,9.25,0.00,0.00,0.00,0.00,6.00,6.00,0.00,0.00,0.00,0.00
285261,PARKVIEW HAVEN NURSING HOME,DESHLER,NE,Thayer,169,2020Q2,20200515,19,8.00,8.00,0.00,0.00,0.00,0.00,0.00,0.00,0.00,0.00,0.00,0.00,0.00,0.00,0.00,0.00,0.00,0.00,0.00,0.00,0.00,0.00,0.00,0.00,0.00,0.00,0.00,0.00,0.00,0.00,0.00,0.00,0.00,0.00,0.00,0.00,0.00,0.00,0.00,0.00,0.00,0.00,0.00,0.00,0.00,0.00,0.00,0.00,0.00,0.00,0.00,0.70,0.00,0.70,0.00,0.00,0.00,0.00,0.00,0.00,0.00,0.00,0.00,0.00,0.00,0.00,4.00,4.00,0.00,0.00,0.00,0.00
285261,PARKVIEW HAVEN NURSING HOME,DESHLER,NE,Thayer,169,2020Q2,20200516,18,2.00,2.00,0.00,0.00,0.00,0.00,0.00,0.00,0.00,0.00,0.00,0.00,0.00,0.00,0.00,0.00,0.00,0.00,0.00,0.00,0.00,0.00,0.00,0.00,0.00,0.00,0.00,0.00,0.00,0.00,0.00,0.00,0.00,0.00,0.00,0.00,0.00,0.00,0.00,0.00,0.00,0.00,0.00,0.00,0.00,0.00,0.00,0.00,0.00,0.00,0.00,0.00,0.00,0.00,0.00,0.00,0.00,0.00,0.00,0.00,0.00,0.00,0.00,0.00,0.00,0.00,0.00,0.00,0.00,0.00,0.00,0.00
285261,PARKVIEW HAVEN NURSING HOME,DESHLER,NE,Thayer,169,2020Q2,20200517,18,4.00,4.00,0.00,0.00,0.00,0.00,0.00,0.00,0.00,0.00,0.00,0.00,0.00,0.00,0.00,0.00,0.00,0.00,0.00,0.00,0.00,0.00,0.00,0.00,0.00,0.00,0.00,0.00,0.00,0.00,0.00,0.00,0.00,0.00,0.00,0.00,0.00,0.00,0.00,0.00,0.00,0.00,0.00,0.00,0.00,0.00,0.00,0.00,0.00,0.00,0.00,0.00,0.00,0.00,0.00,0.00,0.00,0.00,0.00,0.00,0.00,0.00,0.00,0.00,0.00,0.00,0.00,0.00,0.00,0.00,0.00,0.00
285261,PARKVIEW HAVEN NURSING HOME,DESHLER,NE,Thayer,169,2020Q2,20200518,17,4.00,4.00,0.00,0.00,0.00,0.00,0.00,0.00,0.00,0.00,0.00,0.00,0.00,0.00,0.00,0.00,0.00,0.00,0.00,0.00,0.00,0.00,0.00,0.00,0.00,0.00,0.00,0.00,0.00,0.00,0.00,0.00,0.00,0.00,0.00,0.00,0.00,0.00,0.00,0.00,0.00,0.00,0.00,0.00,0.00,0.00,0.00,0.00,0.00,0.00,0.00,0.70,0.00,0.70,0.00,0.00,0.00,0.00,0.00,0.00,9.50,9.50,0.00,0.00,0.00,0.00,7.50,7.50,0.00,0.00,0.00,0.00
285261,PARKVIEW HAVEN NURSING HOME,DESHLER,NE,Thayer,169,2020Q2,20200519,17,8.00,8.00,0.00,0.00,0.00,0.00,0.00,0.00,0.00,0.00,0.00,0.00,0.00,0.00,0.00,0.00,0.00,0.00,0.00,0.00,0.00,0.00,0.00,0.00,0.00,0.00,0.00,0.00,0.00,0.00,0.00,0.00,0.00,0.00,0.00,0.00,0.00,0.00,0.00,0.00,0.00,0.00,0.00,0.00,0.00,0.00,0.00,0.00,0.00,0.00,0.00,0.00,0.00,0.00,0.00,0.00,0.00,0.00,0.00,0.00,9.25,9.25,0.00,0.00,0.00,0.00,6.75,6.75,0.00,0.00,0.00,0.00
285261,PARKVIEW HAVEN NURSING HOME,DESHLER,NE,Thayer,169,2020Q2,20200520,17,8.00,8.00,0.00,0.00,0.00,0.00,0.00,0.00,0.00,0.00,0.00,0.00,0.00,0.00,0.00,0.00,0.00,0.00,0.00,0.00,0.00,0.00,0.00,0.00,0.00,0.00,0.00,0.00,0.00,0.00,0.00,0.00,0.00,0.00,0.00,0.00,0.00,0.00,0.00,0.00,0.00,0.00,0.00,0.00,0.00,0.00,0.00,0.00,0.00,0.00,0.00,0.00,0.00,0.00,0.00,0.00,0.00,0.00,0.00,0.00,4.50,4.50,0.00,0.00,0.00,0.00,7.50,7.50,0.00,0.00,0.00,0.00
285261,PARKVIEW HAVEN NURSING HOME,DESHLER,NE,Thayer,169,2020Q2,20200521,18,8.00,8.00,0.00,0.00,0.00,0.00,0.00,0.00,0.00,0.00,0.00,0.00,0.00,0.00,0.00,0.00,0.00,0.00,0.00,0.00,0.00,0.00,0.00,0.00,0.00,0.00,0.00,0.50,0.00,0.50,0.00,0.00,0.00,0.00,0.00,0.00,0.00,0.00,0.00,0.00,0.00,0.00,0.00,0.00,0.00,0.00,0.00,0.00,0.00,0.00,0.00,0.00,0.00,0.00,0.00,0.00,0.00,0.00,0.00,0.00,8.75,8.75,0.00,0.00,0.00,0.00,7.50,7.50,0.00,0.00,0.00,0.00
285261,PARKVIEW HAVEN NURSING HOME,DESHLER,NE,Thayer,169,2020Q2,20200522,18,4.00,4.00,0.00,0.00,0.00,0.00,0.00,0.00,0.00,0.00,0.00,0.00,0.00,0.00,0.00,0.00,0.00,0.00,0.00,0.00,0.00,0.00,0.00,0.00,0.00,0.00,0.00,0.00,0.00,0.00,0.00,0.00,0.00,0.00,0.00,0.00,0.50,0.00,0.50,0.00,0.00,0.00,0.00,0.00,0.00,0.00,0.00,0.00,0.00,0.00,0.00,0.00,0.00,0.00,0.00,0.00,0.00,0.00,0.00,0.00,0.00,0.00,0.00,0.00,0.00,0.00,10.75,10.75,0.00,0.00,0.00,0.00
285261,PARKVIEW HAVEN NURSING HOME,DESHLER,NE,Thayer,169,2020Q2,20200523,19,4.00,4.00,0.00,0.00,0.00,0.00,0.00,0.00,0.00,0.00,0.00,0.00,0.00,0.00,0.00,0.00,0.00,0.00,0.00,0.00,0.00,0.00,0.00,0.00,0.00,0.00,0.00,0.00,0.00,0.00,0.00,0.00,0.00,0.00,0.00,0.00,0.00,0.00,0.00,0.00,0.00,0.00,0.00,0.00,0.00,0.00,0.00,0.00,0.00,0.00,0.00,0.00,0.00,0.00,0.00,0.00,0.00,0.00,0.00,0.00,0.00,0.00,0.00,0.00,0.00,0.00,0.00,0.00,0.00,0.00,0.00,0.00
285261,PARKVIEW HAVEN NURSING HOME,DESHLER,NE,Thayer,169,2020Q2,20200524,19,2.00,2.00,0.00,0.00,0.00,0.00,0.00,0.00,0.00,0.00,0.00,0.00,0.00,0.00,0.00,0.00,0.00,0.00,0.00,0.00,0.00,0.00,0.00,0.00,0.00,0.00,0.00,0.00,0.00,0.00,0.00,0.00,0.00,0.00,0.00,0.00,0.00,0.00,0.00,0.00,0.00,0.00,0.00,0.00,0.00,0.00,0.00,0.00,0.00,0.00,0.00,0.00,0.00,0.00,0.00,0.00,0.00,0.00,0.00,0.00,0.00,0.00,0.00,0.00,0.00,0.00,0.00,0.00,0.00,0.00,0.00,0.00
285261,PARKVIEW HAVEN NURSING HOME,DESHLER,NE,Thayer,169,2020Q2,20200525,19,8.00,8.00,0.00,0.00,0.00,0.00,0.00,0.00,0.00,0.00,0.00,0.00,0.00,0.00,0.00,0.00,0.00,0.00,0.00,0.00,0.00,0.00,0.00,0.00,0.00,0.00,0.00,0.00,0.00,0.00,0.00,0.00,0.00,0.00,0.00,0.00,0.50,0.00,0.50,0.00,0.00,0.00,0.00,0.00,0.00,0.00,0.00,0.00,0.00,0.00,0.00,0.00,0.00,0.00,0.00,0.00,0.00,0.00,0.00,0.00,8.00,8.00,0.00,0.00,0.00,0.00,8.00,8.00,0.00,0.00,0.00,0.00
285261,PARKVIEW HAVEN NURSING HOME,DESHLER,NE,Thayer,169,2020Q2,20200526,19,8.00,8.00,0.00,0.00,0.00,0.00,0.00,0.00,0.00,0.00,0.00,0.00,0.00,0.00,0.00,0.00,0.00,0.00,0.00,0.00,0.00,0.00,0.00,0.00,0.00,0.00,0.00,1.00,0.00,1.00,0.00,0.00,0.00,0.00,0.00,0.00,0.40,0.00,0.40,0.00,0.00,0.00,0.00,0.00,0.00,0.00,0.00,0.00,0.00,0.00,0.00,0.00,0.00,0.00,0.00,0.00,0.00,0.00,0.00,0.00,9.75,9.75,0.00,0.00,0.00,0.00,8.25,8.25,0.00,0.00,0.00,0.00
285261,PARKVIEW HAVEN NURSING HOME,DESHLER,NE,Thayer,169,2020Q2,20200527,19,8.00,8.00,0.00,0.00,0.00,0.00,0.00,0.00,0.00,0.00,0.00,0.00,0.00,0.00,0.00,0.00,0.00,0.00,0.00,0.00,0.00,0.00,0.00,0.00,0.00,0.00,0.00,0.50,0.00,0.50,0.00,0.00,0.00,0.00,0.00,0.00,1.50,0.00,1.50,0.00,0.00,0.00,0.00,0.00,0.00,0.00,0.00,0.00,0.00,0.00,0.00,0.00,0.00,0.00,0.00,0.00,0.00,0.00,0.00,0.00,4.75,4.75,0.00,0.00,0.00,0.00,7.00,7.00,0.00,0.00,0.00,0.00
285261,PARKVIEW HAVEN NURSING HOME,DESHLER,NE,Thayer,169,2020Q2,20200528,19,8.00,8.00,0.00,0.00,0.00,0.00,0.00,0.00,0.00,0.00,0.00,0.00,0.00,0.00,0.00,0.00,0.00,0.00,0.00,0.00,0.00,0.00,0.00,0.00,0.00,0.00,0.00,0.60,0.00,0.60,0.00,0.00,0.00,0.00,0.00,0.00,0.80,0.00,0.80,0.00,0.00,0.00,0.00,0.00,0.00,0.00,0.00,0.00,0.00,0.00,0.00,0.00,0.00,0.00,0.00,0.00,0.00,0.00,0.00,0.00,9.25,9.25,0.00,0.00,0.00,0.00,6.75,6.75,0.00,0.00,0.00,0.00
285261,PARKVIEW HAVEN NURSING HOME,DESHLER,NE,Thayer,169,2020Q2,20200529,18,8.00,8.00,0.00,0.00,0.00,0.00,0.00,0.00,0.00,0.00,0.00,0.00,0.00,0.00,0.00,0.00,0.00,0.00,0.00,0.00,0.00,0.00,0.00,0.00,0.00,0.00,0.00,0.00,0.00,0.00,0.00,0.00,0.00,0.00,0.00,0.00,1.60,0.00,1.60,0.00,0.00,0.00,0.00,0.00,0.00,0.00,0.00,0.00,0.00,0.00,0.00,0.00,0.00,0.00,0.00,0.00,0.00,0.00,0.00,0.00,0.00,0.00,0.00,0.00,0.00,0.00,5.50,5.50,0.00,0.00,0.00,0.00
285261,PARKVIEW HAVEN NURSING HOME,DESHLER,NE,Thayer,169,2020Q2,20200530,18,2.00,2.00,0.00,0.00,0.00,0.00,0.00,0.00,0.00,0.00,0.00,0.00,0.00,0.00,0.00,0.00,0.00,0.00,0.00,0.00,0.00,0.00,0.00,0.00,0.00,0.00,0.00,0.00,0.00,0.00,0.00,0.00,0.00,0.00,0.00,0.00,0.00,0.00,0.00,0.00,0.00,0.00,0.00,0.00,0.00,0.00,0.00,0.00,0.00,0.00,0.00,0.00,0.00,0.00,0.00,0.00,0.00,0.00,0.00,0.00,0.00,0.00,0.00,0.00,0.00,0.00,0.00,0.00,0.00,0.00,0.00,0.00
285261,PARKVIEW HAVEN NURSING HOME,DESHLER,NE,Thayer,169,2020Q2,20200531,18,2.00,2.00,0.00,0.00,0.00,0.00,0.00,0.00,0.00,0.00,0.00,0.00,0.00,0.00,0.00,0.00,0.00,0.00,0.00,0.00,0.00,0.00,0.00,0.00,0.00,0.00,0.00,0.00,0.00,0.00,0.00,0.00,0.00,0.00,0.00,0.00,0.00,0.00,0.00,0.00,0.00,0.00,0.00,0.00,0.00,0.00,0.00,0.00,0.00,0.00,0.00,0.00,0.00,0.00,0.00,0.00,0.00,0.00,0.00,0.00,0.00,0.00,0.00,0.00,0.00,0.00,0.00,0.00,0.00,0.00,0.00,0.00
285261,PARKVIEW HAVEN NURSING HOME,DESHLER,NE,Thayer,169,2020Q2,20200601,18,10.00,10.00,0.00,0.00,0.00,0.00,0.00,0.00,0.00,0.00,0.00,0.00,0.00,0.00,0.00,0.00,0.00,0.00,0.00,0.00,0.00,0.00,0.00,0.00,0.00,0.00,0.00,0.00,0.00,0.00,0.00,0.00,0.00,0.00,0.00,0.00,0.70,0.00,0.70,0.00,0.00,0.00,0.00,0.00,0.00,0.00,0.00,0.00,0.00,0.00,0.00,0.00,0.00,0.00,0.00,0.00,0.00,0.00,0.00,0.00,9.50,9.50,0.00,0.00,0.00,0.00,6.75,6.75,0.00,0.00,0.00,0.00
285261,PARKVIEW HAVEN NURSING HOME,DESHLER,NE,Thayer,169,2020Q2,20200602,18,8.00,8.00,0.00,0.00,0.00,0.00,0.00,0.00,0.00,0.00,0.00,0.00,0.00,0.00,0.00,0.00,0.00,0.00,0.00,0.00,0.00,0.00,0.00,0.00,0.00,0.00,0.00,0.00,0.00,0.00,0.00,0.00,0.00,0.00,0.00,0.00,0.00,0.00,0.00,0.00,0.00,0.00,0.00,0.00,0.00,0.00,0.00,0.00,0.00,0.00,0.00,0.00,0.00,0.00,0.00,0.00,0.00,0.00,0.00,0.00,9.25,9.25,0.00,0.00,0.00,0.00,7.00,7.00,0.00,0.00,0.00,0.00
285261,PARKVIEW HAVEN NURSING HOME,DESHLER,NE,Thayer,169,2020Q2,20200603,18,8.00,8.00,0.00,0.00,0.00,0.00,0.00,0.00,0.00,0.00,0.00,0.00,0.00,0.00,0.00,0.00,0.00,0.00,0.00,0.00,0.00,0.00,0.00,0.00,0.00,0.00,0.00,0.00,0.00,0.00,0.00,0.00,0.00,0.00,0.00,0.00,0.90,0.00,0.90,0.00,0.00,0.00,0.00,0.00,0.00,0.00,0.00,0.00,0.00,0.00,0.00,0.00,0.00,0.00,0.00,0.00,0.00,0.00,0.00,0.00,3.75,3.75,0.00,0.00,0.00,0.00,8.25,8.25,0.00,0.00,0.00,0.00
285261,PARKVIEW HAVEN NURSING HOME,DESHLER,NE,Thayer,169,2020Q2,20200604,19,8.00,8.00,0.00,0.00,0.00,0.00,0.00,0.00,0.00,0.00,0.00,0.00,0.00,0.00,0.00,0.00,0.00,0.00,0.00,0.00,0.00,0.00,0.00,0.00,0.00,0.00,0.00,0.00,0.00,0.00,0.00,0.00,0.00,0.00,0.00,0.00,0.00,0.00,0.00,0.00,0.00,0.00,0.00,0.00,0.00,0.00,0.00,0.00,0.00,0.00,0.00,0.00,0.00,0.00,0.00,0.00,0.00,0.00,0.00,0.00,9.50,9.50,0.00,0.00,0.00,0.00,7.25,7.25,0.00,0.00,0.00,0.00
285261,PARKVIEW HAVEN NURSING HOME,DESHLER,NE,Thayer,169,2020Q2,20200605,18,4.00,4.00,0.00,0.00,0.00,0.00,0.00,0.00,0.00,0.00,0.00,0.00,0.00,0.00,0.00,0.00,0.00,0.00,0.00,0.00,0.00,0.00,0.00,0.00,0.00,0.00,0.00,0.00,0.00,0.00,0.00,0.00,0.00,0.00,0.00,0.00,1.70,0.00,1.70,0.00,0.00,0.00,0.00,0.00,0.00,0.00,0.00,0.00,0.00,0.00,0.00,0.00,0.00,0.00,0.00,0.00,0.00,0.00,0.00,0.00,0.00,0.00,0.00,0.00,0.00,0.00,4.00,4.00,0.00,0.00,0.00,0.00
285261,PARKVIEW HAVEN NURSING HOME,DESHLER,NE,Thayer,169,2020Q2,20200606,18,0.00,0.00,0.00,0.00,0.00,0.00,0.00,0.00,0.00,0.00,0.00,0.00,0.00,0.00,0.00,0.00,0.00,0.00,0.00,0.00,0.00,0.00,0.00,0.00,0.00,0.00,0.00,0.00,0.00,0.00,0.00,0.00,0.00,0.00,0.00,0.00,0.00,0.00,0.00,0.00,0.00,0.00,0.00,0.00,0.00,0.00,0.00,0.00,0.00,0.00,0.00,0.00,0.00,0.00,0.00,0.00,0.00,0.00,0.00,0.00,0.00,0.00,0.00,0.00,0.00,0.00,0.00,0.00,0.00,0.00,0.00,0.00
285261,PARKVIEW HAVEN NURSING HOME,DESHLER,NE,Thayer,169,2020Q2,20200607,18,2.00,2.00,0.00,0.00,0.00,0.00,0.00,0.00,0.00,0.00,0.00,0.00,0.00,0.00,0.00,0.00,0.00,0.00,0.00,0.00,0.00,0.00,0.00,0.00,0.00,0.00,0.00,0.00,0.00,0.00,0.00,0.00,0.00,0.00,0.00,0.00,0.00,0.00,0.00,0.00,0.00,0.00,0.00,0.00,0.00,0.00,0.00,0.00,0.00,0.00,0.00,0.00,0.00,0.00,0.00,0.00,0.00,0.00,0.00,0.00,0.00,0.00,0.00,0.00,0.00,0.00,0.00,0.00,0.00,0.00,0.00,0.00
285261,PARKVIEW HAVEN NURSING HOME,DESHLER,NE,Thayer,169,2020Q2,20200608,18,8.00,8.00,0.00,0.00,0.00,0.00,0.00,0.00,0.00,0.00,0.00,0.00,0.00,0.00,0.00,0.00,0.00,0.00,0.00,0.00,0.00,0.00,0.00,0.00,0.00,0.00,0.00,0.00,0.00,0.00,0.00,0.00,0.00,0.00,0.00,0.00,1.70,0.00,1.70,0.00,0.00,0.00,0.00,0.00,0.00,0.00,0.00,0.00,0.00,0.00,0.00,0.00,0.00,0.00,0.00,0.00,0.00,0.00,0.00,0.00,9.25,9.25,0.00,0.00,0.00,0.00,6.75,6.75,0.00,0.00,0.00,0.00
285261,PARKVIEW HAVEN NURSING HOME,DESHLER,NE,Thayer,169,2020Q2,20200609,18,8.00,8.00,0.00,0.00,0.00,0.00,0.00,0.00,0.00,0.00,0.00,0.00,0.00,0.00,0.00,0.00,0.00,0.00,0.00,0.00,0.00,0.00,0.00,0.00,0.00,0.00,0.00,0.00,0.00,0.00,0.00,0.00,0.00,0.00,0.00,0.00,0.00,0.00,0.00,0.00,0.00,0.00,0.00,0.00,0.00,0.00,0.00,0.00,0.00,0.00,0.00,0.00,0.00,0.00,0.00,0.00,0.00,0.00,0.00,0.00,9.25,9.25,0.00,0.00,0.00,0.00,7.25,7.25,0.00,0.00,0.00,0.00
285261,PARKVIEW HAVEN NURSING HOME,DESHLER,NE,Thayer,169,2020Q2,20200610,18,9.00,9.00,0.00,0.00,0.00,0.00,0.00,0.00,0.00,0.00,0.00,0.00,0.00,0.00,0.00,0.00,0.00,0.00,0.00,0.00,0.00,0.00,0.00,0.00,0.00,0.00,0.00,0.00,0.00,0.00,0.00,0.00,0.00,0.00,0.00,0.00,1.80,0.00,1.80,0.00,0.00,0.00,0.00,0.00,0.00,0.00,0.00,0.00,0.00,0.00,0.00,0.00,0.00,0.00,0.00,0.00,0.00,0.00,0.00,0.00,7.00,7.00,0.00,0.00,0.00,0.00,7.50,7.50,0.00,0.00,0.00,0.00
285261,PARKVIEW HAVEN NURSING HOME,DESHLER,NE,Thayer,169,2020Q2,20200611,17,9.00,9.00,0.00,0.00,0.00,0.00,0.00,0.00,0.00,0.00,0.00,0.00,0.00,0.00,0.00,0.00,0.00,0.00,0.00,0.00,0.00,0.00,0.00,0.00,0.00,0.00,0.00,0.00,0.00,0.00,0.00,0.00,0.00,0.00,0.00,0.00,0.00,0.00,0.00,0.00,0.00,0.00,0.00,0.00,0.00,0.00,0.00,0.00,0.00,0.00,0.00,0.00,0.00,0.00,0.00,0.00,0.00,0.00,0.00,0.00,7.50,7.50,0.00,0.00,0.00,0.00,6.00,6.00,0.00,0.00,0.00,0.00
285261,PARKVIEW HAVEN NURSING HOME,DESHLER,NE,Thayer,169,2020Q2,20200612,17,4.00,4.00,0.00,0.00,0.00,0.00,0.00,0.00,0.00,0.00,0.00,0.00,0.00,0.00,0.00,0.00,0.00,0.00,0.00,0.00,0.00,0.00,0.00,0.00,0.00,0.00,0.00,0.00,0.00,0.00,0.00,0.00,0.00,0.00,0.00,0.00,1.70,0.00,1.70,0.00,0.00,0.00,0.00,0.00,0.00,0.00,0.00,0.00,0.00,0.00,0.00,0.00,0.00,0.00,0.00,0.00,0.00,0.00,0.00,0.00,0.00,0.00,0.00,0.00,0.00,0.00,8.00,8.00,0.00,0.00,0.00,0.00
285261,PARKVIEW HAVEN NURSING HOME,DESHLER,NE,Thayer,169,2020Q2,20200613,17,0.00,0.00,0.00,0.00,0.00,0.00,0.00,0.00,0.00,0.00,0.00,0.00,0.00,0.00,0.00,0.00,0.00,0.00,0.00,0.00,0.00,0.00,0.00,0.00,0.00,0.00,0.00,0.00,0.00,0.00,0.00,0.00,0.00,0.00,0.00,0.00,0.00,0.00,0.00,0.00,0.00,0.00,0.00,0.00,0.00,0.00,0.00,0.00,0.00,0.00,0.00,0.00,0.00,0.00,0.00,0.00,0.00,0.00,0.00,0.00,0.00,0.00,0.00,0.00,0.00,0.00,0.00,0.00,0.00,0.00,0.00,0.00
285261,PARKVIEW HAVEN NURSING HOME,DESHLER,NE,Thayer,169,2020Q2,20200614,17,0.00,0.00,0.00,0.00,0.00,0.00,0.00,0.00,0.00,0.00,0.00,0.00,0.00,0.00,0.00,0.00,0.00,0.00,0.00,0.00,0.00,0.00,0.00,0.00,0.00,0.00,0.00,0.00,0.00,0.00,0.00,0.00,0.00,0.00,0.00,0.00,0.00,0.00,0.00,0.00,0.00,0.00,0.00,0.00,0.00,0.00,0.00,0.00,0.00,0.00,0.00,0.00,0.00,0.00,0.00,0.00,0.00,0.00,0.00,0.00,0.00,0.00,0.00,0.00,0.00,0.00,0.00,0.00,0.00,0.00,0.00,0.00
285261,PARKVIEW HAVEN NURSING HOME,DESHLER,NE,Thayer,169,2020Q2,20200615,17,8.00,8.00,0.00,0.00,0.00,0.00,0.00,0.00,0.00,0.00,0.00,0.00,0.00,0.00,0.00,0.00,0.00,0.00,0.00,0.00,0.00,0.00,0.00,0.00,0.00,0.00,0.00,0.00,0.00,0.00,0.00,0.00,0.00,0.00,0.00,0.00,1.30,0.00,1.30,0.00,0.00,0.00,0.00,0.00,0.00,0.00,0.00,0.00,0.00,0.00,0.00,0.00,0.00,0.00,0.00,0.00,0.00,0.00,0.00,0.00,9.25,9.25,0.00,0.00,0.00,0.00,6.50,6.50,0.00,0.00,0.00,0.00
285261,PARKVIEW HAVEN NURSING HOME,DESHLER,NE,Thayer,169,2020Q2,20200616,17,8.00,8.00,0.00,0.00,0.00,0.00,0.00,0.00,0.00,0.00,0.00,0.00,0.00,0.00,0.00,0.00,0.00,0.00,0.00,0.00,0.00,0.00,0.00,0.00,0.00,0.00,0.00,0.00,0.00,0.00,0.00,0.00,0.00,0.00,0.00,0.00,0.00,0.00,0.00,0.00,0.00,0.00,0.00,0.00,0.00,0.00,0.00,0.00,0.00,0.00,0.00,0.00,0.00,0.00,0.00,0.00,0.00,0.00,0.00,0.00,9.50,9.50,0.00,0.00,0.00,0.00,6.50,6.50,0.00,0.00,0.00,0.00
285261,PARKVIEW HAVEN NURSING HOME,DESHLER,NE,Thayer,169,2020Q2,20200617,17,8.00,8.00,0.00,0.00,0.00,0.00,0.00,0.00,0.00,0.00,0.00,0.00,0.00,0.00,0.00,0.00,0.00,0.00,0.00,0.00,0.00,0.00,0.00,0.00,0.00,0.00,0.00,0.00,0.00,0.00,0.00,0.00,0.00,0.00,0.00,0.00,1.70,0.00,1.70,0.00,0.00,0.00,0.00,0.00,0.00,0.00,0.00,0.00,0.00,0.00,0.00,0.00,0.00,0.00,0.00,0.00,0.00,0.00,0.00,0.00,7.00,7.00,0.00,0.00,0.00,0.00,7.00,7.00,0.00,0.00,0.00,0.00
285261,PARKVIEW HAVEN NURSING HOME,DESHLER,NE,Thayer,169,2020Q2,20200618,17,8.00,8.00,0.00,0.00,0.00,0.00,0.00,0.00,0.00,0.00,0.00,0.00,0.00,0.00,0.00,0.00,0.00,0.00,0.00,0.00,0.00,6.50,0.00,6.50,0.00,0.00,0.00,0.00,0.00,0.00,0.00,0.00,0.00,0.00,0.00,0.00,0.00,0.00,0.00,0.00,0.00,0.00,0.00,0.00,0.00,0.00,0.00,0.00,0.00,0.00,0.00,0.00,0.00,0.00,0.00,0.00,0.00,0.00,0.00,0.00,9.75,9.75,0.00,0.00,0.00,0.00,6.75,6.75,0.00,0.00,0.00,0.00
285261,PARKVIEW HAVEN NURSING HOME,DESHLER,NE,Thayer,169,2020Q2,20200619,17,0.00,0.00,0.00,0.00,0.00,0.00,0.00,0.00,0.00,0.00,0.00,0.00,0.00,0.00,0.00,0.00,0.00,0.00,0.00,0.00,0.00,0.00,0.00,0.00,0.00,0.00,0.00,0.00,0.00,0.00,0.00,0.00,0.00,0.00,0.00,0.00,1.40,0.00,1.40,0.00,0.00,0.00,0.00,0.00,0.00,0.00,0.00,0.00,0.00,0.00,0.00,0.00,0.00,0.00,0.00,0.00,0.00,0.00,0.00,0.00,0.00,0.00,0.00,0.00,0.00,0.00,5.00,5.00,0.00,0.00,0.00,0.00
285261,PARKVIEW HAVEN NURSING HOME,DESHLER,NE,Thayer,169,2020Q2,20200620,17,0.00,0.00,0.00,0.00,0.00,0.00,0.00,0.00,0.00,0.00,0.00,0.00,0.00,0.00,0.00,0.00,0.00,0.00,0.00,0.00,0.00,0.00,0.00,0.00,0.00,0.00,0.00,0.00,0.00,0.00,0.00,0.00,0.00,0.00,0.00,0.00,0.00,0.00,0.00,0.00,0.00,0.00,0.00,0.00,0.00,0.00,0.00,0.00,0.00,0.00,0.00,0.00,0.00,0.00,0.00,0.00,0.00,0.00,0.00,0.00,0.00,0.00,0.00,0.00,0.00,0.00,0.00,0.00,0.00,0.00,0.00,0.00
285261,PARKVIEW HAVEN NURSING HOME,DESHLER,NE,Thayer,169,2020Q2,20200621,17,0.00,0.00,0.00,0.00,0.00,0.00,0.00,0.00,0.00,0.00,0.00,0.00,0.00,0.00,0.00,0.00,0.00,0.00,0.00,0.00,0.00,0.00,0.00,0.00,0.00,0.00,0.00,0.00,0.00,0.00,0.00,0.00,0.00,0.00,0.00,0.00,0.00,0.00,0.00,0.00,0.00,0.00,0.00,0.00,0.00,0.00,0.00,0.00,0.00,0.00,0.00,0.00,0.00,0.00,0.00,0.00,0.00,0.00,0.00,0.00,0.00,0.00,0.00,0.00,0.00,0.00,0.00,0.00,0.00,0.00,0.00,0.00
285261,PARKVIEW HAVEN NURSING HOME,DESHLER,NE,Thayer,169,2020Q2,20200622,17,0.00,0.00,0.00,0.00,0.00,0.00,0.00,0.00,0.00,0.00,0.00,0.00,0.00,0.00,0.00,0.00,0.00,0.00,0.00,0.00,0.00,0.00,0.00,0.00,0.00,0.00,0.00,0.00,0.00,0.00,0.00,0.00,0.00,0.00,0.00,0.00,1.20,0.00,1.20,0.00,0.00,0.00,0.00,0.00,0.00,0.00,0.00,0.00,0.00,0.00,0.00,0.00,0.00,0.00,0.00,0.00,0.00,0.00,0.00,0.00,10.50,10.50,0.00,0.00,0.00,0.00,6.75,6.75,0.00,0.00,0.00,0.00
285261,PARKVIEW HAVEN NURSING HOME,DESHLER,NE,Thayer,169,2020Q2,20200623,17,9.00,9.00,0.00,0.00,0.00,0.00,0.00,0.00,0.00,0.00,0.00,0.00,0.00,0.00,0.00,0.00,0.00,0.00,0.00,0.00,0.00,0.00,0.00,0.00,0.00,0.00,0.00,0.70,0.00,0.70,0.00,0.00,0.00,0.00,0.00,0.00,0.00,0.00,0.00,0.00,0.00,0.00,0.00,0.00,0.00,0.00,0.00,0.00,0.00,0.00,0.00,0.00,0.00,0.00,0.00,0.00,0.00,0.00,0.00,0.00,9.50,9.50,0.00,0.00,0.00,0.00,7.00,7.00,0.00,0.00,0.00,0.00
285261,PARKVIEW HAVEN NURSING HOME,DESHLER,NE,Thayer,169,2020Q2,20200624,17,9.00,9.00,0.00,0.00,0.00,0.00,0.00,0.00,0.00,0.00,0.00,0.00,0.00,0.00,0.00,0.00,0.00,0.00,0.00,0.00,0.00,0.00,0.00,0.00,0.00,0.00,0.00,0.00,0.00,0.00,0.00,0.00,0.00,0.00,0.00,0.00,1.70,0.00,1.70,0.00,0.00,0.00,0.00,0.00,0.00,0.00,0.00,0.00,0.00,0.00,0.00,0.40,0.00,0.40,0.00,0.00,0.00,0.00,0.00,0.00,5.00,5.00,0.00,0.00,0.00,0.00,7.00,7.00,0.00,0.00,0.00,0.00
285261,PARKVIEW HAVEN NURSING HOME,DESHLER,NE,Thayer,169,2020Q2,20200625,17,8.00,8.00,0.00,0.00,0.00,0.00,0.00,0.00,0.00,0.00,0.00,0.00,0.00,0.00,0.00,0.00,0.00,0.00,0.00,0.00,0.00,0.00,0.00,0.00,0.00,0.00,0.00,0.00,0.00,0.00,0.00,0.00,0.00,0.00,0.00,0.00,0.00,0.00,0.00,0.00,0.00,0.00,0.00,0.00,0.00,0.00,0.00,0.00,0.00,0.00,0.00,0.00,0.00,0.00,0.00,0.00,0.00,0.00,0.00,0.00,8.25,8.25,0.00,0.00,0.00,0.00,6.50,6.50,0.00,0.00,0.00,0.00
285261,PARKVIEW HAVEN NURSING HOME,DESHLER,NE,Thayer,169,2020Q2,20200626,17,8.00,8.00,0.00,0.00,0.00,0.00,0.00,0.00,0.00,0.00,0.00,0.00,0.00,0.00,0.00,0.00,0.00,0.00,0.00,0.00,0.00,0.00,0.00,0.00,0.00,0.00,0.00,0.00,0.00,0.00,0.00,0.00,0.00,0.00,0.00,0.00,1.10,0.00,1.10,0.00,0.00,0.00,0.00,0.00,0.00,0.00,0.00,0.00,0.00,0.00,0.00,0.50,0.00,0.50,0.00,0.00,0.00,0.00,0.00,0.00,0.00,0.00,0.00,0.00,0.00,0.00,3.75,3.75,0.00,0.00,0.00,0.00
285261,PARKVIEW HAVEN NURSING HOME,DESHLER,NE,Thayer,169,2020Q2,20200627,17,4.00,4.00,0.00,0.00,0.00,0.00,0.00,0.00,0.00,0.00,0.00,0.00,0.00,0.00,0.00,0.00,0.00,0.00,0.00,0.00,0.00,0.00,0.00,0.00,0.00,0.00,0.00,0.00,0.00,0.00,0.00,0.00,0.00,0.00,0.00,0.00,0.00,0.00,0.00,0.00,0.00,0.00,0.00,0.00,0.00,0.00,0.00,0.00,0.00,0.00,0.00,0.00,0.00,0.00,0.00,0.00,0.00,0.00,0.00,0.00,0.00,0.00,0.00,0.00,0.00,0.00,0.00,0.00,0.00,0.00,0.00,0.00
285261,PARKVIEW HAVEN NURSING HOME,DESHLER,NE,Thayer,169,2020Q2,20200628,17,0.00,0.00,0.00,0.00,0.00,0.00,0.00,0.00,0.00,0.00,0.00,0.00,0.00,0.00,0.00,0.00,0.00,0.00,0.00,0.00,0.00,0.00,0.00,0.00,0.00,0.00,0.00,0.00,0.00,0.00,0.00,0.00,0.00,0.00,0.00,0.00,0.00,0.00,0.00,0.00,0.00,0.00,0.00,0.00,0.00,0.00,0.00,0.00,0.00,0.00,0.00,0.00,0.00,0.00,0.00,0.00,0.00,0.00,0.00,0.00,0.00,0.00,0.00,0.00,0.00,0.00,0.00,0.00,0.00,0.00,0.00,0.00
285261,PARKVIEW HAVEN NURSING HOME,DESHLER,NE,Thayer,169,2020Q2,20200629,17,8.00,8.00,0.00,0.00,0.00,0.00,0.00,0.00,0.00,0.00,0.00,0.00,0.00,0.00,0.00,0.00,0.00,0.00,0.00,0.00,0.00,0.00,0.00,0.00,0.00,0.00,0.00,0.60,0.00,0.60,0.00,0.00,0.00,0.00,0.00,0.00,1.50,0.00,1.50,0.00,0.00,0.00,0.00,0.00,0.00,0.00,0.00,0.00,0.00,0.00,0.00,0.50,0.00,0.50,0.00,0.00,0.00,0.00,0.00,0.00,5.00,5.00,0.00,0.00,0.00,0.00,6.75,6.75,0.00,0.00,0.00,0.00
285261,PARKVIEW HAVEN NURSING HOME,DESHLER,NE,Thayer,169,2020Q2,20200630,17,8.00,8.00,0.00,0.00,0.00,0.00,0.00,0.00,0.00,0.00,0.00,0.00,0.00,0.00,0.00,0.00,0.00,0.00,0.00,0.00,0.00,0.00,0.00,0.00,0.00,0.00,0.00,0.00,0.00,0.00,0.00,0.00,0.00,0.00,0.00,0.00,0.50,0.00,0.50,0.00,0.00,0.00,0.00,0.00,0.00,0.00,0.00,0.00,0.00,0.00,0.00,0.00,0.00,0.00,0.00,0.00,0.00,0.00,0.00,0.00,9.50,9.50,0.00,0.00,0.00,0.00,6.50,6.50,0.00,0.00,0.00,0.00
